-87,25,76,115,0,0,72,0,130,0,66,0,0,0,0,0,0,0,3932,0,91,0,-11115,106,28,0,
-86,25,85,120,0,0,64,0,144,0,68,0,0,0,0,0,0,0,3932,0,91,0,-11655,106,28,0,
-87,25,85,125,0,0,76,0,138,0,70,0,0,0,0,0,0,0,3932,0,91,0,-12095,108,28,0,
-87,25,85,130,0,0,54,0,144,0,60,0,0,0,0,0,0,0,3932,0,91,0,-12634,106,28,0,
-87,25,76,135,0,0,72,0,132,0,64,0,0,0,0,0,0,0,3932,0,91,0,-13176,110,28,0,
-87,25,85,140,0,0,58,0,146,0,70,0,0,0,0,0,0,0,3932,0,91,0,-13619,106,28,0,
-87,25,85,145,0,0,78,0,140,0,68,0,0,0,0,0,0,0,3932,0,91,0,-14159,108,28,0,
-87,25,85,150,0,0,68,0,134,0,68,0,0,0,0,0,0,0,3927,0,91,0,-14598,106,28,0,
-87,25,76,155,0,0,70,0,142,0,60,0,0,0,0,0,0,0,3932,0,91,0,-15135,106,28,0,
-87,25,85,160,0,0,58,0,122,0,66,0,0,0,0,0,0,0,3927,0,91,0,-15673,108,28,0,
-87,25,85,165,0,0,72,0,146,0,68,0,0,0,0,0,0,0,3927,0,91,0,-16110,106,28,0,
-87,25,85,170,0,0,70,0,130,0,64,0,0,0,0,0,0,0,3932,0,91,0,-16650,108,28,0,
-87,25,76,175,0,0,68,0,146,0,68,0,0,0,0,0,0,0,3932,0,91,0,-17089,112,28,0,
-87,26,85,180,0,0,74,0,140,0,64,0,0,0,0,0,0,0,3932,0,91,0,-17629,112,28,0,
-87,26,85,185,0,0,54,0,142,0,60,0,0,0,0,0,0,0,3927,0,91,0,-18066,112,28,0,
-87,26,85,190,0,0,70,0,130,0,66,0,0,0,0,0,0,0,3932,0,91,0,-18603,106,28,0,
-87,26,85,195,0,0,60,0,144,0,66,0,0,0,0,0,0,0,3932,0,91,0,-19046,108,28,0,
-87,26,85,200,0,0,78,0,140,0,68,0,0,0,0,0,0,0,3927,0,91,0,-19582,108,28,0,
-87,26,85,205,0,0,68,0,132,0,68,0,0,0,0,0,0,0,3932,0,91,0,-20120,104,28,0,
-87,26,85,210,0,0,70,0,132,0,60,0,0,0,0,0,0,0,3932,0,91,0,-20560,104,28,0,
-87,26,85,215,0,0,58,0,120,0,66,0,0,0,0,0,0,0,3927,0,91,0,-21098,106,28,0,
-87,26,85,220,0,0,72,0,146,0,68,0,0,0,0,0,0,0,3927,0,91,0,-21535,112,28,0,
-87,26,85,225,0,0,68,0,130,0,66,0,0,0,0,0,0,0,3927,0,91,0,-22075,110,28,0,
-87,26,76,230,0,0,66,0,148,0,68,0,0,0,0,0,0,0,3927,0,91,0,-22513,108,28,0,
-87,26,85,235,0,0,66,0,120,0,60,0,0,0,0,0,0,0,3927,0,90,0,-23052,106,28,0,
-87,26,85,240,0,0,64,0,146,0,68,0,0,0,0,0,0,0,3927,0,91,0,-23494,108,28,0,
-87,26,85,245,0,0,70,0,132,0,64,0,0,0,0,0,0,0,3927,0,91,0,-24032,110,28,0,
-87,26,67,250,0,0,64,0,144,0,68,0,0,0,0,0,0,0,3927,0,91,0,-24472,108,28,0,
-87,26,76,255,0,0,76,0,140,0,70,0,0,0,0,0,0,0,3927,0,91,0,-25009,108,28,0,
-87,26,85,260,0,0,68,0,132,0,66,0,0,0,0,0,0,0,3927,0,91,0,-25550,104,28,0,
-87,26,85,265,0,0,70,0,130,0,64,0,0,0,0,0,0,0,3927,0,91,0,-25990,104,28,0,
-87,26,67,270,0,0,60,0,122,0,70,0,0,0,0,0,0,0,3927,0,90,0,-26529,110,28,0,
-87,26,76,275,0,0,70,0,144,0,68,0,0,0,0,0,0,0,3927,0,91,0,-26966,106,28,0,
-87,26,76,280,0,0,68,0,132,0,66,0,0,0,0,0,0,0,3927,0,91,0,-27503,108,28,0,
-87,26,85,285,0,0,70,0,140,0,60,0,0,0,0,0,0,0,3927,0,91,0,-27940,110,28,0,
-87,26,85,290,0,0,66,0,118,0,60,0,0,0,0,0,0,0,3927,0,91,0,-28477,108,28,0,
-87,26,85,295,0,0,64,0,144,0,66,0,0,0,0,0,0,0,3927,0,91,0,-29020,108,28,0,
-87,26,58,300,0,0,72,0,130,0,64,0,0,0,0,0,0,0,3927,0,91,0,-29457,108,28,0,
-87,26,85,310,0,0,76,0,140,0,70,0,0,0,0,0,0,0,3927,0,91,0,-30435,110,28,0,
-87,26,85,315,0,0,64,0,132,0,66,0,0,0,0,0,0,0,3927,0,91,0,-30974,112,28,0,
-87,26,85,320,0,0,72,0,130,0,64,0,0,0,0,0,0,0,3927,0,91,0,-31514,110,28,0,
-87,25,85,325,0,0,60,0,124,0,68,0,0,0,0,0,0,0,3927,0,91,0,-31951,110,28,0,
-87,26,85,330,0,0,78,0,138,0,68,0,0,0,0,0,0,0,3927,0,90,0,-32491,106,28,0,
-87,26,76,335,0,0,68,0,130,0,68,0,0,0,0,0,0,0,3927,0,91,0,-32931,110,28,0,
-87,25,76,340,0,0,70,0,142,0,60,0,0,0,0,0,0,0,3927,0,91,0,-33468,110,28,0,
-87,25,85,345,0,0,58,0,120,0,66,0,0,0,0,0,0,0,3927,0,91,0,-34006,108,28,0,
-87,25,85,350,0,0,72,0,144,0,68,0,0,0,0,0,0,0,3927,0,91,0,-34452,106,28,0,
-87,24,85,355,0,0,72,0,130,0,64,0,0,0,0,0,0,0,3927,0,91,0,-34992,110,28,0,
-87,25,85,360,0,0,68,0,148,0,68,0,0,0,0,0,0,0,3927,0,91,0,-35432,106,28,0,
-87,25,85,365,0,0,74,0,140,0,64,0,0,0,0,0,0,0,3927,0,91,0,-35969,104,28,0,
-87,24,76,370,0,0,62,0,134,0,66,0,0,0,0,0,0,0,3927,0,91,0,-36506,106,28,0,
-87,24,85,375,0,0,72,0,132,0,64,0,0,0,0,0,0,0,3927,0,91,0,-36944,106,28,0,
-87,24,67,380,0,0,62,0,128,0,70,0,0,0,0,0,0,0,3927,0,91,0,-37484,108,28,0,
-87,24,85,385,0,0,76,0,140,0,68,0,0,0,0,0,0,0,3927,0,91,0,-37924,112,28,0,
-87,24,85,390,0,0,68,0,134,0,68,0,0,0,0,0,0,0,3927,0,91,0,-38462,110,28,0,
-87,24,76,395,0,0,70,0,134,0,60,0,0,0,0,0,0,0,3927,0,91,0,-38901,108,28,0,
-87,24,85,400,0,0,58,0,122,0,66,0,0,0,0,0,0,0,3927,0,91,0,-39442,108,28,0,
-87,24,85,405,0,0,72,0,146,0,68,0,0,0,0,0,0,0,3921,0,91,0,-39885,106,28,0,
-87,23,76,410,0,0,70,0,132,0,66,0,0,0,0,0,0,0,3927,0,91,0,-40424,110,28,0,
-87,23,85,415,0,0,68,0,150,0,70,0,0,0,0,0,0,0,3927,0,91,0,-40865,108,28,0,
-87,23,76,420,0,0,68,0,122,0,62,0,0,0,0,0,0,0,3927,0,91,0,-41403,108,27,0,
-87,23,85,425,0,0,48,0,124,0,68,0,0,0,0,0,0,0,3927,0,91,0,-41942,108,28,0,
-87,23,85,430,0,0,70,0,132,0,66,0,0,0,0,0,0,0,3921,0,91,0,-42383,108,27,0,
-87,23,76,435,0,0,58,0,132,0,72,0,0,0,0,0,0,0,3927,0,91,0,-42922,110,27,0,
-87,23,85,440,0,0,76,0,142,0,70,0,0,0,0,0,0,0,3927,0,91,0,-43366,106,28,0,
-87,23,76,445,0,0,68,0,134,0,66,0,0,0,0,0,0,0,3927,0,91,0,-43905,106,27,0,
-87,22,85,450,0,0,72,0,130,0,64,0,0,0,0,0,0,0,3927,0,91,0,-44345,106,27,0,
-87,22,85,455,0,0,60,0,124,0,70,0,0,0,0,0,0,0,3927,0,91,0,-44883,112,27,0,
-87,22,85,460,0,0,72,0,146,0,68,0,0,0,0,0,0,0,3927,0,91,0,-45326,112,27,0,
-87,22,76,465,0,0,68,0,134,0,68,0,0,0,0,0,0,0,3927,0,91,0,-45864,112,27,0,
-87,21,85,470,0,0,70,0,144,0,60,0,0,0,0,0,0,0,3927,0,91,0,-46306,108,27,0,
-87,22,85,475,0,0,66,0,122,0,62,0,0,0,0,0,0,0,3921,0,91,0,-46847,108,27,0,
-87,22,76,480,0,0,50,0,136,0,70,0,0,0,0,0,0,0,3921,0,91,0,-47385,110,27,0,
-87,21,85,485,0,0,72,0,132,0,64,0,0,0,0,0,0,0,3921,0,91,0,-47824,108,27,0,
-87,20,85,490,0,0,60,0,130,0,72,0,0,0,0,0,0,0,3921,0,91,0,-48364,106,27,0,
-87,21,85,495,0,0,76,0,142,0,70,0,0,0,0,0,0,0,3921,0,91,0,-48807,108,27,0,
-87,21,76,500,0,0,64,0,134,0,64,0,0,0,0,0,0,0,3927,0,91,0,-49346,108,27,0,
-87,21,85,505,0,0,72,0,130,0,64,0,0,0,0,0,0,0,3921,0,91,0,-49887,104,27,0,
-87,20,85,510,0,0,60,0,126,0,70,0,0,0,0,0,0,0,3921,0,91,0,-50326,106,27,0,
-87,21,85,515,0,0,78,0,140,0,68,0,0,0,0,0,0,0,3921,0,91,0,-50867,110,27,0,
-87,20,85,520,0,0,68,0,134,0,68,0,0,0,0,0,0,0,3921,0,91,0,-51307,104,27,0,
-87,20,85,525,0,0,72,0,144,0,60,0,0,0,0,0,0,0,3921,0,91,0,-51850,110,27,0,
-87,20,76,530,0,0,58,0,124,0,66,0,0,0,0,0,0,0,3921,0,91,0,-52387,108,27,0,
-87,20,85,535,0,0,52,0,136,0,70,0,0,0,0,0,0,0,3921,0,91,0,-52828,110,27,0,
-87,20,85,540,0,0,72,0,132,0,66,0,0,0,0,0,0,0,3927,0,91,0,-53367,108,27,0,
-87,20,85,545,0,0,62,0,136,0,72,0,0,0,0,0,0,0,3921,0,91,0,-53805,108,27,0,
-87,20,85,550,0,0,74,0,142,0,66,0,0,0,0,0,0,0,3921,0,91,0,-54346,108,27,0,
-87,20,76,555,0,0,64,0,134,0,66,0,0,0,0,0,0,0,3921,0,91,0,-54887,112,27,0,
-87,20,85,560,0,0,72,0,132,0,68,0,0,0,0,0,0,0,3921,0,91,0,-55325,104,27,0,
-87,20,76,565,0,0,62,0,128,0,72,0,0,0,0,0,0,0,3921,0,91,0,-55865,106,27,0,
-87,20,76,570,0,0,78,0,142,0,68,0,0,0,0,0,0,0,3921,0,91,0,-56311,108,27,0,
-87,20,85,575,0,0,68,0,136,0,68,0,0,0,0,0,0,0,3921,0,91,0,-56851,108,27,0,
-87,20,76,580,0,0,70,0,136,0,62,0,0,0,0,0,0,0,3921,0,91,0,-57295,108,27,0,
-87,20,76,585,0,0,58,0,122,0,66,0,0,0,0,0,0,0,3921,0,91,0,-57834,108,27,0,
-87,20,76,590,0,0,60,0,148,0,72,0,0,0,0,0,0,0,3927,0,91,0,-58377,106,27,0,
-87,20,85,595,0,0,70,0,132,0,66,0,0,0,0,0,0,0,3921,0,91,0,-58817,108,27,0,
-87,20,85,600,0,0,60,0,136,0,70,0,0,0,0,0,0,0,3921,0,91,0,-59356,108,27,0,
-87,20,85,610,0,0,48,0,126,0,68,0,0,0,0,0,0,0,3921,0,91,0,-60340,106,27,0,
-87,20,76,615,0,0,72,0,132,0,64,0,0,0,0,0,0,0,3921,0,91,0,-60779,106,27,0,
-87,20,85,620,0,0,58,0,132,0,72,0,0,0,0,0,0,0,3921,0,91,0,-61319,108,27,0,
-87,20,85,625,0,0,76,0,142,0,70,0,0,0,0,0,0,0,3921,0,91,0,-61762,110,27,0,
-87,19,85,630,0,0,68,0,138,0,68,0,0,0,0,0,0,0,3921,0,91,0,-62303,108,27,0,
-87,20,76,635,0,0,72,0,132,0,64,0,0,0,0,0,0,0,3921,0,91,0,-62745,110,27,0,
-87,20,76,640,0,0,60,0,124,0,70,0,0,0,0,0,0,0,3921,0,91,0,-63284,108,27,0,
-87,20,67,645,0,0,60,0,148,0,72,0,0,0,0,0,0,0,3921,0,91,0,-63825,110,27,0,
-87,20,76,650,0,0,70,0,134,0,68,0,0,0,0,0,0,0,3921,0,91,0,-64264,110,27,0,
-87,20,76,655,0,0,62,0,142,0,70,0,0,0,0,0,0,0,3921,0,90,0,-64804,108,27,0,
-87,20,76,660,0,0,66,0,122,0,60,0,0,0,0,0,0,0,3921,0,91,0,-65244,106,27,0,
-87,20,67,665,0,0,50,0,136,0,70,0,0,0,0,0,0,0,3921,0,91,0,-65785,110,27,0,
-87,20,85,670,0,0,70,0,130,0,64,0,0,0,0,0,0,0,3921,0,91,0,-66226,106,27,0,
-87,20,85,675,0,0,60,0,132,0,72,0,0,0,0,0,0,0,3921,0,91,0,-66766,108,27,0,
-87,20,85,680,0,0,76,0,142,0,70,0,0,0,0,0,0,0,3921,0,91,0,-67208,108,27,0,
-87,20,76,685,0,0,62,0,134,0,66,0,0,0,0,0,0,0,3921,0,91,0,-67752,104,27,0,
-87,20,85,690,0,0,72,0,130,0,64,0,0,0,0,0,0,0,3921,0,91,0,-68293,104,27,0,
-87,20,85,695,0,0,60,0,124,0,70,0,0,0,0,0,0,0,3921,0,91,0,-68734,110,27,0,
-87,20,85,700,0,0,76,0,142,0,66,0,0,0,0,0,0,0,3921,0,91,0,-69274,110,27,0,
-87,20,85,705,0,0,68,0,132,0,68,0,0,0,0,0,0,0,3921,0,91,0,-69717,108,27,0,
-87,20,85,710,0,0,62,0,142,0,70,0,0,0,0,0,0,0,3921,0,91,0,-70256,110,27,0,
-87,20,76,715,0,0,58,0,122,0,66,0,0,0,0,0,0,0,3921,0,91,0,-70795,108,27,0,
-87,20,76,720,0,0,50,0,132,0,70,0,0,0,0,0,0,0,3921,0,91,0,-71235,110,27,0,
-87,20,85,725,0,0,72,0,132,0,66,0,0,0,0,0,0,0,3921,0,91,0,-71776,108,27,0,
-87,20,85,730,0,0,60,0,134,0,70,0,0,0,0,0,0,0,3921,0,91,0,-72217,110,27,0,
-87,20,76,735,0,0,74,0,140,0,66,0,0,0,0,0,0,0,3921,0,91,0,-72759,110,27,0,
-87,20,85,740,0,0,62,0,132,0,66,0,0,0,0,0,0,0,3921,0,91,0,-73298,112,27,0,
-87,20,85,745,0,0,70,0,132,0,66,0,0,0,0,0,0,0,3916,0,91,0,-73738,104,27,0,
-87,20,76,750,0,0,62,0,128,0,70,0,0,0,0,0,0,0,3916,0,91,0,-74276,106,27,0,
-87,21,85,755,0,0,78,0,140,0,66,0,0,0,0,0,0,0,3921,0,91,0,-74717,108,27,0,
-87,21,85,760,0,0,68,0,134,0,66,0,0,0,0,0,0,0,3921,0,91,0,-75256,104,27,0,
-87,21,76,765,0,0,50,0,146,0,66,0,0,0,0,0,0,0,3916,0,91,0,-75797,106,27,0,
-87,21,85,770,0,0,60,0,120,0,66,0,0,0,0,0,0,0,3921,0,91,0,-76237,108,27,0,
-87,22,85,775,0,0,58,0,146,0,72,0,0,0,0,0,0,0,3921,0,91,0,-76776,106,27,0,
-87,22,85,780,0,0,70,0,132,0,66,0,0,0,0,0,0,0,3921,0,91,0,-77220,108,27,0,
-87,22,85,785,0,0,60,0,132,0,70,0,0,0,0,0,0,0,3916,0,91,0,-77760,102,27,0,
-87,22,85,790,0,0,66,0,122,0,62,0,0,0,0,0,0,0,3921,0,90,0,-78201,110,27,0,
-87,22,76,795,0,0,48,0,124,0,66,0,0,0,0,0,0,0,3916,0,91,0,-78740,106,27,0,
-87,21,76,800,0,0,70,0,132,0,66,0,0,0,0,0,0,0,3916,0,91,0,-79184,102,27,0,
-87,22,85,805,0,0,60,0,130,0,72,0,0,0,0,0,0,0,3916,0,91,0,-79722,106,27,0,
-87,22,85,810,0,0,74,0,142,0,68,0,0,0,0,0,0,0,3921,0,91,0,-80160,108,27,0,
-87,22,85,820,0,0,52,0,144,0,60,0,0,0,0,0,0,0,3916,0,91,0,-81242,106,27,0,
-87,22,76,825,0,0,60,0,126,0,68,0,0,0,0,0,0,0,3921,0,91,0,-81680,110,27,0,
-87,22,85,830,0,0,58,0,146,0,66,0,0,0,0,0,0,0,3916,0,91,0,-82218,110,27,0,
-87,22,76,835,0,0,76,0,140,0,66,0,0,0,0,0,0,0,3916,0,91,0,-82759,108,27,0,
-87,23,85,840,0,0,58,0,146,0,72,0,0,0,0,0,0,0,3921,0,91,0,-83199,108,27,0,
-87,22,76,845,0,0,70,0,144,0,60,0,0,0,0,0,0,0,3916,0,91,0,-83743,112,27,0,
-86,22,85,850,0,0,54,0,144,0,64,0,0,0,0,0,0,0,3916,0,91,0,-84181,110,27,0,
-87,23,85,855,0,0,72,0,146,0,68,0,0,0,0,0,0,0,3916,0,91,0,-84725,106,27,0,
-87,22,85,860,0,0,60,0,134,0,72,0,0,0,0,0,0,0,3921,0,91,0,-85163,108,27,0,
-87,23,76,865,0,0,68,0,148,0,68,0,0,0,0,0,0,0,3916,0,91,0,-85704,108,27,0,
-87,23,85,870,0,0,48,0,124,0,64,0,0,0,0,0,0,0,3916,0,91,0,-86145,110,27,0,
-86,23,85,875,0,0,54,0,144,0,60,0,0,0,0,0,0,0,3916,0,91,0,-86683,106,27,0,
-87,23,85,880,0,0,62,0,128,0,70,0,0,0,0,0,0,0,3916,0,91,0,-87121,108,27,0,
-87,23,85,885,0,0,60,0,146,0,68,0,0,0,0,0,0,0,3921,0,91,0,-87659,110,27,0,
-87,23,67,890,0,0,76,0,140,0,66,0,0,0,0,0,0,0,3916,0,91,0,-88204,104,27,0,
-87,23,85,895,0,0,58,0,144,0,72,0,0,0,0,0,0,0,3916,0,91,0,-88645,108,27,0,
-86,23,76,900,0,0,70,0,134,0,60,0,0,0,0,0,0,0,3916,0,91,0,-89186,106,27,0,
-87,23,85,905,0,0,54,0,146,0,64,0,0,0,0,0,0,0,3916,0,91,0,-89625,106,27,0,
-87,23,85,910,0,0,72,0,146,0,68,0,0,0,0,0,0,0,3916,0,91,0,-90168,106,27,0,
-87,23,85,915,0,0,56,0,142,0,72,0,0,0,0,0,0,0,3916,0,91,0,-90609,108,27,0,
-87,23,85,920,0,0,68,0,148,0,66,0,0,0,0,0,0,0,3916,0,91,0,-91149,112,27,0,
-87,23,85,925,0,0,48,0,124,0,64,0,0,0,0,0,0,0,3916,0,91,0,-91590,108,27,0,
-87,23,85,930,0,0,64,0,144,0,68,0,0,0,0,0,0,0,3916,0,91,0,-92127,106,27,0,
-87,23,85,935,0,0,60,0,130,0,70,0,0,0,0,0,0,0,3916,0,91,0,-92565,106,27,0,
-87,23,85,940,0,0,60,0,144,0,68,0,0,0,0,0,0,0,3921,0,91,0,-93103,108,27,0,
-87,23,85,945,0,0,76,0,140,0,70,0,0,0,0,0,0,0,3916,0,91,0,-93645,110,27,0,
-86,23,76,950,0,0,58,0,142,0,70,0,0,0,0,0,0,0,3916,0,91,0,-94085,110,27,0,
-87,23,85,955,0,0,70,0,134,0,60,0,0,0,0,0,0,0,3916,0,91,0,-94628,108,27,0,
-87,23,76,960,0,0,58,0,146,0,68,0,0,0,0,0,0,0,3916,0,91,0,-95069,112,27,0,
-87,23,85,965,0,0,70,0,146,0,68,0,0,0,0,0,0,0,3916,0,91,0,-95610,112,28,0,
-87,23,85,970,0,0,56,0,142,0,72,0,0,0,0,0,0,0,3916,0,91,0,-96149,110,27,0,
-87,23,85,975,0,0,70,0,140,0,60,0,0,0,0,0,0,0,3916,0,91,0,-96587,106,28,0,
-87,23,76,980,0,0,50,0,134,0,60,0,0,0,0,0,0,0,3916,0,91,0,-97130,106,28,0,
-87,24,85,985,0,0,66,0,144,0,68,0,0,0,0,0,0,0,3916,0,91,0,-97568,108,28,0,
-87,24,85,990,0,0,62,0,132,0,70,0,0,0,0,0,0,0,3916,0,91,0,-98109,108,27,0,
-87,24,85,995,0,0,64,0,144,0,68,0,0,0,0,0,0,0,3916,0,91,0,-98650,106,28,0,
-87,24,85,1000,0,0,74,0,138,0,68,0,0,0,0,0,0,0,3916,0,91,0,-99089,108,28,0,
-87,24,85,1005,0,0,54,0,144,0,60,0,0,0,0,0,0,0,3916,0,91,0,-99627,108,28,0,
-87,24,85,1010,0,0,72,0,130,0,64,0,0,0,0,0,0,0,3916,0,91,0,-100070,108,28,0,
-87,24,85,1015,0,0,58,0,146,0,68,0,0,0,0,0,0,0,3916,0,91,0,-100613,104,28,0,
-87,23,85,1020,0,0,78,0,140,0,68,0,0,0,0,0,0,0,3916,0,91,0,-101154,108,28,0,
-87,24,76,1025,0,0,58,0,144,0,72,0,0,0,0,0,0,0,3916,0,91,0,-101594,110,28,0,
-87,24,76,1030,0,0,70,0,142,0,62,0,0,0,0,0,0,0,3916,0,91,0,-102135,108,28,0,
-87,24,76,1035,0,0,54,0,146,0,66,0,0,0,0,0,0,0,3916,0,91,0,-102578,108,28,0,
-87,24,76,1040,0,0,72,0,146,0,68,0,0,0,0,0,0,0,3916,0,91,0,-103116,108,27,0,
-87,24,85,1045,0,0,68,0,134,0,70,0,0,0,0,0,0,0,3916,0,91,0,-103555,112,27,0,
-87,24,85,1050,0,0,70,0,142,0,68,0,0,0,0,0,0,0,3916,0,91,0,-104102,112,28,0,
-87,24,85,1055,0,0,66,0,120,0,66,0,0,0,0,0,0,0,3916,0,91,0,-104542,112,28,0,
-86,24,85,1060,0,0,64,0,134,0,60,0,0,0,0,0,0,0,3916,0,91,0,-105081,108,27,0,
-87,24,85,1065,0,0,70,0,132,0,66,0,0,0,0,0,0,0,3916,0,91,0,-105623,110,27,0,
-87,24,85,1070,0,0,58,0,128,0,72,0,0,0,0,0,0,0,3916,0,91,0,-106062,108,27,0,
-87,24,85,1075,0,0,74,0,134,0,64,0,0,0,0,0,0,0,3916,0,91,0,-106603,104,28,0,
-87,24,85,1080,0,0,68,0,132,0,70,0,0,0,0,0,0,0,3916,0,91,0,-107043,106,28,0,
-87,24,85,1085,0,0,72,0,120,0,60,0,0,0,0,0,0,0,3916,0,91,0,-107586,108,28,0,
-87,24,76,1090,0,0,60,0,124,0,68,0,0,0,0,0,0,0,3916,0,91,0,-108129,106,27,0,
-87,24,85,1095,0,0,72,0,130,0,66,0,0,0,0,0,0,0,3916,0,91,0,-108569,110,28,0,
-87,24,85,1100,0,0,68,0,130,0,70,0,0,0,0,0,0,0,3916,0,91,0,-109108,108,28,0,
-87,24,85,1105,0,0,70,0,138,0,68,0,0,0,0,0,0,0,3916,0,91,0,-109546,104,28,0,
-87,24,85,1110,0,0,66,0,118,0,66,0,0,0,0,0,0,0,3916,0,91,0,-110084,108,27,0,
-87,24,76,1115,0,0,72,0,130,0,62,0,0,0,0,0,0,0,3916,0,91,0,-110523,108,28,0,
-87,24,85,1120,0,0,72,0,130,0,70,0,0,0,0,0,0,0,3916,0,91,0,-111067,104,28,0,
-87,24,85,1125,0,0,58,0,128,0,70,0,0,0,0,0,0,0,3916,0,91,0,-111607,106,28,0,
-87,24,85,1130,0,0,74,0,138,0,66,0,0,0,0,0,0,0,3916,0,91,0,-112047,108,28,0,
-87,24,85,1135,0,0,62,0,132,0,70,0,0,0,0,0,0,0,3916,0,91,0,-112587,110,28,0,
-87,24,85,1140,0,0,70,0,120,0,60,0,0,0,0,0,0,0,3916,0,91,0,-113025,108,28,0,
-87,24,76,1150,0,0,78,0,130,0,66,0,0,0,0,0,0,0,3916,0,91,0,-114004,108,28,0,
-87,25,85,1155,0,0,68,0,132,0,70,0,0,0,0,0,0,0,3916,0,91,0,-114546,110,28,0,
-87,25,76,1160,0,0,70,0,140,0,64,0,0,0,0,0,0,0,3916,0,91,0,-114987,108,28,0,
-87,24,85,1165,0,0,58,0,120,0,64,0,0,0,0,0,0,0,3916,0,91,0,-115528,104,28,0,
-87,24,85,1170,0,0,72,0,130,0,64,0,0,0,0,0,0,0,3916,0,91,0,-115969,108,28,0,
-87,24,85,1175,0,0,68,0,132,0,70,0,0,0,0,0,0,0,3916,0,91,0,-116512,106,28,0,
-87,24,85,1180,0,0,60,0,130,0,72,0,0,0,0,0,0,0,3916,0,91,0,-117050,108,28,0,
-87,24,85,1185,0,0,72,0,140,0,66,0,0,0,0,0,0,0,3916,0,91,0,-117488,108,28,0,
-87,25,76,1190,0,0,48,0,122,0,62,0,0,0,0,0,0,0,3916,0,91,0,-118029,112,28,0,
-87,24,85,1195,0,0,72,0,120,0,66,0,0,0,0,0,0,0,3916,0,91,0,-118469,112,28,0,
-87,25,85,1200,0,0,62,0,126,0,68,0,0,0,0,0,0,0,3916,0,91,0,-119009,110,28,0,
-87,24,85,1205,0,0,74,0,132,0,64,0,0,0,0,0,0,0,3916,0,91,0,-119449,108,28,0,
-87,25,85,1210,0,0,68,0,134,0,70,0,0,0,0,0,0,0,3916,0,91,0,-119992,108,28,0,
-87,25,85,1215,0,0,70,0,140,0,64,0,0,0,0,0,0,0,3916,0,91,0,-120431,106,28,0,
-87,25,85,1220,0,0,60,0,124,0,68,0,0,0,0,0,0,0,3916,0,91,0,-120969,106,28,0,
-87,25,76,1225,0,0,72,0,130,0,64,0,0,0,0,0,0,0,3916,0,91,0,-121508,110,28,0,
-87,25,85,1230,0,0,70,0,132,0,70,0,0,0,0,0,0,0,3916,0,91,0,-121951,108,28,0,
-87,25,76,1235,0,0,56,0,140,0,72,0,0,0,0,0,0,0,3916,0,91,0,-122489,104,28,0,
-87,25,67,1240,0,0,66,0,118,0,66,0,0,0,0,0,0,0,3916,0,91,0,-122929,108,28,0,
-87,25,85,1245,0,0,50,0,122,0,64,0,0,0,0,0,0,0,3916,0,91,0,-123467,108,28,0,
-86,25,85,1250,0,0,72,0,132,0,66,0,0,0,0,0,0,0,3916,0,91,0,-124005,110,28,0,
-87,25,85,1255,0,0,58,0,130,0,70,0,0,0,0,0,0,0,3916,0,91,0,-124445,108,28,0,
-87,25,76,1260,0,0,74,0,132,0,66,0,0,0,0,0,0,0,3916,0,91,0,-124983,110,28,0,
-87,25,67,1265,0,0,66,0,134,0,70,0,0,0,0,0,0,0,3916,0,91,0,-125423,106,28,0,
-87,25,85,1270,0,0,70,0,120,0,60,0,0,0,0,0,0,0,3916,0,91,0,-125963,106,28,0,
-87,25,76,1275,0,0,50,0,134,0,70,0,0,0,0,0,0,0,3916,0,91,0,-126404,110,28,0,
-86,25,85,1280,0,0,58,0,144,0,66,0,0,0,0,0,0,0,3916,0,91,0,-126950,108,28,0,
-87,25,85,1285,0,0,58,0,132,0,70,0,0,0,0,0,0,0,3916,0,91,0,-127391,108,28,0,
-87,25,85,1290,0,0,58,0,144,0,72,0,0,0,0,0,0,0,3916,0,91,0,-127932,112,28,0,
-87,25,76,1295,0,0,70,0,140,0,70,0,0,0,0,0,0,0,3916,0,91,0,-128473,108,28,0,
-87,25,85,1300,0,0,56,0,144,0,66,0,0,0,0,0,0,0,3916,0,91,0,-128914,108,28,0,
-87,25,76,1310,0,0,60,0,144,0,72,0,0,0,0,0,0,0,3916,0,90,0,-129898,108,28,0,
-87,25,76,1315,0,0,68,0,140,0,66,0,0,0,0,0,0,0,3916,0,91,0,-130439,106,28,0,
-87,25,85,1320,0,0,46,0,142,0,64,0,0,0,0,0,0,0,3916,0,91,0,-130977,106,28,0,
-87,25,85,1325,0,0,54,0,142,0,58,0,0,0,0,0,0,0,3916,0,91,0,-131415,108,28,0,
-87,25,76,1330,0,0,58,0,146,0,70,0,0,0,0,0,0,0,3916,0,91,0,-131955,106,28,0,
-87,25,85,1335,0,0,58,0,144,0,66,0,0,0,0,0,0,0,3916,0,91,0,-132398,104,28,0,
-87,25,76,1340,0,0,60,0,134,0,70,0,0,0,0,0,0,0,3916,0,91,0,-132937,110,28,0,
-87,25,85,1345,0,0,56,0,146,0,68,0,0,0,0,0,0,0,3916,0,91,0,-133477,108,28,0,
-87,25,85,1350,0,0,70,0,140,0,66,0,0,0,0,0,0,0,3916,0,91,0,-133922,108,28,0,
-87,25,76,1355,0,0,54,0,144,0,66,0,0,0,0,0,0,0,3916,0,91,0,-134460,110,28,0,
-87,25,85,1360,0,0,72,0,130,0,66,0,0,0,0,0,0,0,3916,0,91,0,-134898,108,28,0,
-87,25,76,1365,0,0,56,0,144,0,72,0,0,0,0,0,0,0,3916,0,91,0,-135439,104,28,0,
-87,25,85,1370,0,0,68,0,138,0,68,0,0,0,0,0,0,0,3916,0,91,0,-135977,110,28,0,
-87,25,76,1375,0,0,50,0,142,0,60,0,0,0,0,0,0,0,3916,0,91,0,-136415,112,28,0,
-87,25,85,1380,0,0,64,0,134,0,60,0,0,0,0,0,0,0,3916,0,91,0,-136956,108,28,0,
6655,85,105,5,0,58,0,37376,0,17920,0,0,0,0,0,0,0,76,15,23296,0,74,1862270439,7168,0,192,
-87,25,85,1390,0,0,64,0,146,0,68,0,0,0,0,0,0,0,3916,0,91,0,-137939,108,28,0,
-87,25,85,1395,0,0,62,0,142,0,70,0,0,0,0,0,0,0,3916,0,91,0,-138377,108,28,0,
-87,25,85,1400,0,0,56,0,148,0,66,0,0,0,0,0,0,0,3916,0,91,0,-138915,106,28,0,
-87,25,85,1405,0,0,72,0,120,0,60,0,0,0,0,0,0,0,3916,0,91,0,-139456,108,28,0,
-87,25,85,1410,0,0,58,0,146,0,68,0,0,0,0,0,0,0,3916,0,91,0,-139896,106,28,0,
-87,25,85,1415,0,0,72,0,132,0,66,0,0,0,0,0,0,0,3916,0,91,0,-140437,108,28,0,
-87,25,85,1420,0,0,58,0,142,0,72,0,0,0,0,0,0,0,3916,0,91,0,-140882,110,28,0,
-87,25,85,1425,0,0,70,0,138,0,68,0,0,0,0,0,0,0,3916,0,91,0,-141422,106,28,0,
-87,25,85,1430,0,0,50,0,144,0,62,0,0,0,0,0,0,0,3916,0,91,0,-141860,106,28,0,
-87,25,76,1435,0,0,72,0,130,0,64,0,0,0,0,0,0,0,3916,0,91,0,-142398,108,28,0,
-87,25,85,1440,0,0,60,0,146,0,72,0,0,0,0,0,0,0,3916,0,91,0,-142840,112,28,0,
-87,25,76,1445,0,0,64,0,146,0,68,0,0,0,0,0,0,0,3916,0,91,0,-143383,104,28,0,
-87,25,76,1450,0,0,62,0,140,0,70,0,0,0,0,0,0,0,3916,0,91,0,-143823,110,28,0,
-87,25,76,1455,0,0,54,0,140,0,58,0,0,0,0,0,0,0,3916,0,91,0,-144366,110,28,0,
-87,25,85,1460,0,0,72,0,120,0,60,0,0,0,0,0,0,0,3916,0,91,0,-144905,108,28,0,
-87,25,76,1465,0,0,56,0,144,0,68,0,0,0,0,0,0,0,3916,0,91,0,-145344,108,28,0,
-87,25,85,1470,0,0,76,0,128,0,64,0,0,0,0,0,0,0,3911,0,91,0,-145883,108,28,0,
-87,25,85,1475,0,0,58,0,144,0,72,0,0,0,0,0,0,0,3916,0,91,0,-146324,112,28,0,
-87,26,85,1480,0,0,72,0,140,0,70,0,0,0,0,0,0,0,3916,0,91,0,-146861,110,28,0,
-87,25,67,1485,0,0,56,0,144,0,64,0,0,0,0,0,0,0,3916,0,91,0,-147299,110,28,0,
-87,25,76,1490,0,0,72,0,130,0,62,0,0,0,0,0,0,0,3916,0,91,0,-147837,106,28,0,
-86,25,85,1495,0,0,60,0,146,0,72,0,0,0,0,0,0,0,3911,0,91,0,-148276,106,28,0,
-87,25,85,1500,0,0,68,0,140,0,68,0,0,0,0,0,0,0,3911,0,91,0,-148817,108,28,0,
-87,26,85,1505,0,0,48,0,144,0,64,0,0,0,0,0,0,0,3916,0,91,0,-149355,106,28,0,
-87,26,85,1510,0,0,54,0,142,0,60,0,0,0,0,0,0,0,3911,0,91,0,-149796,108,28,0,
-87,26,85,1515,0,0,70,0,120,0,66,0,0,0,0,0,0,0,3911,0,91,0,-150334,112,28,0,
-87,26,85,1520,0,0,60,0,146,0,68,0,0,0,0,0,0,0,3916,0,91,0,-150772,106,28,0,
-87,26,76,1525,0,0,76,0,128,0,64,0,0,0,0,0,0,0,3911,0,91,0,-151312,110,28,0,
-87,26,76,1530,0,0,56,0,146,0,68,0,0,0,0,0,0,0,3916,0,91,0,-151850,108,28,0,
-87,25,76,1535,0,0,70,0,138,0,64,0,0,0,0,0,0,0,3916,0,91,0,-152288,106,28,0,
-87,26,85,1540,0,0,56,0,142,0,64,0,0,0,0,0,0,0,3916,0,91,0,-152826,108,28,0,
-87,25,76,1545,0,0,72,0,130,0,66,0,0,0,0,0,0,0,3911,0,91,0,-153266,110,28,0,
-87,26,76,1550,0,0,56,0,144,0,72,0,0,0,0,0,0,0,3911,0,91,0,-153805,108,28,0,
-87,26,85,1555,0,0,68,0,140,0,68,0,0,0,0,0,0,0,3916,0,91,0,-154347,110,28,0,
-87,26,76,1560,0,0,66,0,120,0,66,0,0,0,0,0,0,0,3916,0,91,0,-154790,112,28,0,
-87,26,85,1565,0,0,66,0,134,0,60,0,0,0,0,0,0,0,3916,0,91,0,-155333,108,28,0,
-87,26,85,1570,0,0,70,0,130,0,66,0,0,0,0,0,0,0,3911,0,91,0,-155773,108,28,0,
-87,26,85,1580,0,0,76,0,132,0,66,0,0,0,0,0,0,0,3911,0,91,0,-156854,110,28,0,
-87,26,85,1585,0,0,56,0,148,0,68,0,0,0,0,0,0,0,3911,0,91,0,-157291,108,28,0,
-87,26,76,1590,0,0,72,0,118,0,62,0,0,0,0,0,0,0,3911,0,91,0,-157829,110,28,0,
-87,26,85,1595,0,0,58,0,144,0,68,0,0,0,0,0,0,0,3916,0,91,0,-158269,108,28,0,
-87,26,85,1600,0,0,72,0,130,0,66,0,0,0,0,0,0,0,3916,0,91,0,-158807,106,28,0,
-87,26,76,1610,0,0,70,0,138,0,68,0,0,0,0,0,0,0,3911,0,91,0,-159786,108,28,0,
-87,26,85,1615,0,0,66,0,120,0,66,0,0,0,0,0,0,0,3911,0,91,0,-160324,108,28,0,
-87,26,85,1620,0,0,72,0,128,0,64,0,0,0,0,0,0,0,3911,0,91,0,-160766,110,28,0,
-87,26,85,1625,0,0,70,0,130,0,70,0,0,0,0,0,0,0,3916,0,91,0,-161306,108,28,0,
-87,26,76,1630,0,0,64,0,144,0,68,0,0,0,0,0,0,0,3911,0,91,0,-161750,108,28,0,
-87,26,85,1635,0,0,72,0,138,0,66,0,0,0,0,0,0,0,3911,0,91,0,-162291,108,28,0,
-87,26,85,1640,0,0,54,0,140,0,58,0,0,0,0,0,0,0,3911,0,91,0,-162729,106,28,0,
-87,26,85,1645,0,0,70,0,118,0,60,0,0,0,0,0,0,0,3916,0,91,0,-163269,108,28,0,
-87,26,85,1650,0,0,56,0,144,0,68,0,0,0,0,0,0,0,3916,0,91,0,-163712,108,28,0,
-87,26,85,1655,0,0,76,0,130,0,66,0,0,0,0,0,0,0,3911,0,91,0,-164252,112,28,0,
-87,25,85,1660,0,0,58,0,144,0,72,0,0,0,0,0,0,0,3916,0,91,0,-164693,108,28,0,
-87,26,76,1665,0,0,70,0,138,0,70,0,0,0,0,0,0,0,3911,0,91,0,-165238,112,28,0,
-87,26,85,1670,0,0,56,0,120,0,66,0,0,0,0,0,0,0,3911,0,91,0,-165778,108,28,0,
-87,26,76,1675,0,0,72,0,130,0,64,0,0,0,0,0,0,0,3911,0,91,0,-166216,110,28,0,
-87,26,85,1680,0,0,72,0,128,0,70,0,0,0,0,0,0,0,3911,0,91,0,-166754,108,28,0,
-87,26,85,1685,0,0,66,0,140,0,68,0,0,0,0,0,0,0,3911,0,91,0,-167192,112,28,0,
-87,26,85,1690,0,0,72,0,140,0,68,0,0,0,0,0,0,0,3911,0,91,0,-167732,110,28,0,
-87,26,85,1695,0,0,54,0,142,0,60,0,0,0,0,0,0,0,3911,0,91,0,-168170,112,28,0,
-87,25,85,1700,0,0,72,0,132,0,66,0,0,0,0,0,0,0,3911,0,91,0,-168712,112,28,0,
-87,25,85,1705,0,0,60,0,148,0,68,0,0,0,0,0,0,0,3911,0,91,0,-169151,112,28,0,
-87,26,85,1710,0,0,78,0,130,0,64,0,0,0,0,0,0,0,3911,0,91,0,-169689,110,28,0,
-87,26,85,1715,0,0,58,0,148,0,66,0,0,0,0,0,0,0,3911,0,91,0,-170227,106,28,0,
-87,26,85,1720,0,0,70,0,140,0,64,0,0,0,0,0,0,0,3911,0,91,0,-170665,104,28,0,
-87,25,76,1725,0,0,58,0,120,0,66,0,0,0,0,0,0,0,3911,0,91,0,-171202,108,28,0,
-87,26,85,1730,0,0,72,0,132,0,66,0,0,0,0,0,0,0,3911,0,91,0,-171640,110,28,0,
-87,25,76,1735,0,0,68,0,130,0,70,0,0,0,0,0,0,0,3911,0,91,0,-172182,108,28,0,
-87,26,85,1740,0,0,66,0,138,0,68,0,0,0,0,0,0,0,3911,0,91,0,-172722,110,28,0,
-87,26,85,1745,0,0,64,0,120,0,68,0,0,0,0,0,0,0,3911,0,91,0,-173162,104,28,0,
-87,26,85,1750,0,0,64,0,132,0,60,0,0,0,0,0,0,0,3911,0,91,0,-173700,108,28,0,
-87,25,85,1755,0,0,72,0,132,0,66,0,0,0,0,0,0,0,3911,0,91,0,-174144,106,28,0,
-87,25,85,1760,0,0,62,0,144,0,68,0,0,0,0,0,0,0,3911,0,91,0,-174684,108,28,0,
-87,25,85,1765,0,0,74,0,132,0,64,0,0,0,0,0,0,0,3911,0,91,0,-175224,108,28,0,
-87,25,85,1770,0,0,68,0,132,0,70,0,0,0,0,0,0,0,3911,0,91,0,-175667,106,28,0,
-87,26,76,1775,0,0,70,0,118,0,58,0,0,0,0,0,0,0,3911,0,91,0,-176205,108,28,0,
-87,26,85,1780,0,0,60,0,124,0,66,0,0,0,0,0,0,0,3911,0,91,0,-176643,108,28,0,
-87,25,85,1785,0,0,72,0,130,0,66,0,0,0,0,0,0,0,3911,0,91,0,-177181,106,28,0,
-87,25,85,1790,0,0,68,0,132,0,70,0,0,0,0,0,0,0,3911,0,91,0,-177719,110,28,0,
-87,25,85,1795,0,0,70,0,140,0,68,0,0,0,0,0,0,0,3911,0,91,0,-178156,108,28,0,
-87,26,85,1800,0,0,66,0,120,0,66,0,0,0,0,0,0,0,3911,0,91,0,-178697,106,28,0,
-87,25,76,1805,0,0,72,0,130,0,64,0,0,0,0,0,0,0,3911,0,91,0,-179135,104,28,0,
-87,25,85,1810,0,0,70,0,130,0,70,0,0,0,0,0,0,0,3911,0,91,0,-179676,108,28,0,
-87,26,85,1815,0,0,64,0,144,0,68,0,0,0,0,0,0,0,3911,0,91,0,-180114,108,28,0,
-87,26,85,1820,0,0,72,0,140,0,66,0,0,0,0,0,0,0,3911,0,91,0,-180653,104,28,0,
-87,25,85,1825,0,0,62,0,132,0,68,0,0,0,0,0,0,0,3911,0,91,0,-181195,108,28,0,
-87,26,76,1830,0,0,72,0,118,0,60,0,0,0,0,0,0,0,3916,0,91,0,-181635,108,28,0,
-87,26,85,1835,0,0,60,0,126,0,70,0,0,0,0,0,0,0,3911,0,91,0,-182175,104,28,0,
-87,25,85,1840,0,0,76,0,128,0,64,0,0,0,0,0,0,0,3911,0,91,0,-182612,106,28,0,
-87,25,85,1845,0,0,68,0,130,0,70,0,0,0,0,0,0,0,3911,0,91,0,-183150,104,28,0,
-87,26,85,1850,0,0,70,0,138,0,68,0,0,0,0,0,0,0,3911,0,91,0,-183591,104,28,0,
-86,26,85,1855,0,0,58,0,122,0,66,0,0,0,0,0,0,0,3911,0,91,0,-184132,110,28,0,
-87,26,76,1860,0,0,72,0,128,0,64,0,0,0,0,0,0,0,3911,0,91,0,-184572,110,28,0,
-87,26,85,1865,0,0,72,0,130,0,70,0,0,0,0,0,0,0,3911,0,91,0,-185112,110,28,0,
-87,26,76,1870,0,0,68,0,140,0,68,0,0,0,0,0,0,0,3911,0,91,0,-185550,110,28,0,
-87,26,85,1875,0,0,72,0,140,0,66,0,0,0,0,0,0,0,3911,0,91,0,-186089,108,28,0,
-87,26,85,1880,0,0,62,0,132,0,70,0,0,0,0,0,0,0,3911,0,91,0,-186630,108,28,0,
-87,26,76,1885,0,0,70,0,120,0,66,0,0,0,0,0,0,0,3911,0,91,0,-187071,108,28,0,
-87,25,85,1890,0,0,60,0,126,0,70,0,0,0,0,0,0,0,3911,0,91,0,-187612,110,28,0,
-87,26,85,1895,0,0,76,0,130,0,64,0,0,0,0,0,0,0,3911,0,91,0,-188052,108,28,0,
-87,26,76,1900,0,0,68,0,134,0,70,0,0,0,0,0,0,0,3911,0,91,0,-188589,106,28,0,
-86,26,85,1905,0,0,72,0,140,0,64,0,0,0,0,0,0,0,3911,0,91,0,-189029,108,28,0,
-87,25,76,1910,0,0,58,0,120,0,66,0,0,0,0,0,0,0,3911,0,91,0,-189572,106,28,0,
-87,26,76,1915,0,0,72,0,132,0,66,0,0,0,0,0,0,0,3911,0,91,0,-190011,104,28,0,
-87,26,85,1920,0,0,70,0,130,0,70,0,0,0,0,0,0,0,3911,0,91,0,-190552,106,28,0,
-87,26,85,1925,0,0,68,0,140,0,68,0,0,0,0,0,0,0,3911,0,91,0,-191090,108,28,0,
-87,25,85,1930,0,0,66,0,118,0,66,0,0,0,0,0,0,0,3911,0,91,0,-191528,106,28,0,
-87,26,76,1935,0,0,48,0,124,0,66,0,0,0,0,0,0,0,3911,0,91,0,-192066,112,28,0,
-87,25,76,1940,0,0,72,0,122,0,64,0,0,0,0,0,0,0,3911,0,91,0,-192505,112,28,0,
-87,26,76,1945,0,0,60,0,130,0,70,0,0,0,0,0,0,0,3911,0,91,0,-193045,108,28,0,
-87,26,85,1950,0,0,76,0,132,0,66,0,0,0,0,0,0,0,3916,0,91,0,-193587,108,28,0,
-86,26,76,1955,0,0,68,0,134,0,70,0,0,0,0,0,0,0,3911,0,91,0,-194026,108,28,0,
-87,25,76,1960,0,0,70,0,118,0,60,0,0,0,0,0,0,0,3911,0,91,0,-194564,106,28,0,
-87,26,85,1965,0,0,62,0,124,0,68,0,0,0,0,0,0,0,3911,0,91,0,-195008,104,28,0,
-87,26,85,1970,0,0,72,0,132,0,66,0,0,0,0,0,0,0,3911,0,91,0,-195547,108,28,0,
-87,25,85,1975,0,0,68,0,130,0,70,0,0,0,0,0,0,0,3911,0,91,0,-196090,104,28,0,
-87,25,85,1980,0,0,70,0,138,0,68,0,0,0,0,0,0,0,3911,0,91,0,-196530,110,28,0,
-87,25,85,1985,0,0,66,0,120,0,66,0,0,0,0,0,0,0,3911,0,91,0,-197070,104,28,0,
-87,25,85,1990,0,0,50,0,134,0,62,0,0,0,0,0,0,0,3911,0,91,0,-197510,110,28,0,
-87,25,85,1995,0,0,70,0,130,0,70,0,0,0,0,0,0,0,3911,0,91,0,-198050,106,28,0,
-87,25,76,2000,0,0,58,0,128,0,70,0,0,0,0,0,0,0,3911,0,91,0,-198594,108,28,0,
-87,26,85,2005,0,0,74,0,140,0,68,0,0,0,0,0,0,0,3911,0,91,0,-199033,106,28,0,
-87,26,85,2010,0,0,62,0,130,0,68,0,0,0,0,0,0,0,3911,0,91,0,-199572,106,28,0,
-87,25,85,2015,0,0,72,0,120,0,60,0,0,0,0,0,0,0,3911,0,91,0,-200010,106,28,0,
-87,26,85,2020,0,0,62,0,126,0,70,0,0,0,0,0,0,0,3911,0,91,0,-200549,108,28,0,
-87,25,85,2025,0,0,76,0,128,0,64,0,0,0,0,0,0,0,3911,0,91,0,-200987,110,28,0,
-87,25,85,2030,0,0,68,0,134,0,70,0,0,0,0,0,0,0,3911,0,91,0,-201528,106,28,0,
-87,25,85,2035,0,0,58,0,144,0,70,0,0,0,0,0,0,0,3911,0,91,0,-202071,104,28,0,
-87,26,76,2040,0,0,58,0,120,0,64,0,0,0,0,0,0,0,3911,0,91,0,-202509,108,28,0,
-87,26,85,2045,0,0,50,0,132,0,60,0,0,0,0,0,0,0,3911,0,91,0,-203049,106,28,0,
-87,25,85,2050,0,0,70,0,130,0,70,0,0,0,0,0,0,0,3911,0,91,0,-203486,110,28,0,
-87,25,85,2055,0,0,60,0,134,0,72,0,0,0,0,0,0,0,3911,0,91,0,-204027,108,28,0,
-87,26,85,2060,0,0,74,0,140,0,66,0,0,0,0,0,0,0,3911,0,91,0,-204465,106,28,0,
-87,26,85,2065,0,0,62,0,132,0,70,0,0,0,0,0,0,0,3911,0,91,0,-205003,108,28,0,
-87,26,76,2070,0,0,70,0,130,0,66,0,0,0,0,0,0,0,3911,0,91,0,-205445,110,28,0,
-87,26,76,2075,0,0,62,0,126,0,68,0,0,0,0,0,0,0,3911,0,91,0,-205982,108,28,0,
-87,25,85,2080,0,0,76,0,130,0,64,0,0,0,0,0,0,0,3911,0,91,0,-206420,112,28,0,
-87,26,85,2085,0,0,68,0,134,0,70,0,0,0,0,0,0,0,3911,0,91,0,-206959,106,28,0,
-87,26,85,2090,0,0,58,0,144,0,72,0,0,0,0,0,0,0,3911,0,91,0,-207499,108,28,0,
-87,26,76,2095,0,0,56,0,118,0,66,0,0,0,0,0,0,0,3911,0,91,0,-207939,108,28,0,
-87,26,76,2100,0,0,54,0,146,0,64,0,0,0,0,0,0,0,3911,0,91,0,-208480,108,28,0,
-87,26,85,2110,0,0,60,0,132,0,72,0,0,0,0,0,0,0,3911,0,91,0,-209462,108,28,0,
-87,26,85,2115,0,0,66,0,118,0,66,0,0,0,0,0,0,0,3911,0,91,0,-209902,104,28,0,
-87,25,85,2120,0,0,48,0,122,0,64,0,0,0,0,0,0,0,3911,0,91,0,-210444,110,28,0,
-87,26,85,2125,0,0,72,0,130,0,66,0,0,0,0,0,0,0,3911,0,91,0,-210882,110,28,0,
-87,26,85,2130,0,0,58,0,130,0,72,0,0,0,0,0,0,0,3911,0,91,0,-211420,110,28,0,
-87,26,85,2135,0,0,76,0,132,0,64,0,0,0,0,0,0,0,3911,0,91,0,-211958,106,28,0,
-87,26,85,2140,0,0,68,0,132,0,70,0,0,0,0,0,0,0,3911,0,91,0,-212396,106,28,0,
-87,26,85,2145,0,0,56,0,140,0,68,0,0,0,0,0,0,0,3911,0,91,0,-212934,110,28,0,
-87,26,85,2150,0,0,60,0,124,0,68,0,0,0,0,0,0,0,3911,0,90,0,-213375,104,28,0,
-87,25,85,2155,0,0,54,0,144,0,64,0,0,0,0,0,0,0,3911,0,91,0,-213917,108,28,0,
-87,26,85,2160,0,0,68,0,132,0,70,0,0,0,0,0,0,0,3911,0,91,0,-214455,106,28,0,
-87,25,85,2165,0,0,56,0,140,0,74,0,0,0,0,0,0,0,3911,0,91,0,-214897,104,28,0,
-87,26,85,2170,0,0,66,0,118,0,68,0,0,0,0,0,0,0,3911,0,91,0,-215437,110,28,0,
-87,25,85,2175,0,0,48,0,132,0,62,0,0,0,0,0,0,0,3911,0,91,0,-215880,108,28,0,
-87,26,76,2180,0,0,70,0,128,0,70,0,0,0,0,0,0,0,3911,0,91,0,-216418,108,28,0,
-87,26,85,2185,0,0,58,0,128,0,70,0,0,0,0,0,0,0,3911,0,91,0,-216956,108,28,0,
-87,26,85,2190,0,0,64,0,142,0,66,0,0,0,0,0,0,0,3911,0,91,0,-217396,110,28,0,
-87,26,85,2195,0,0,62,0,132,0,70,0,0,0,0,0,0,0,3911,0,91,0,-217935,108,28,0,
-87,26,85,2200,0,0,56,0,142,0,68,0,0,0,0,0,0,0,3911,0,91,0,-218373,110,28,0,
-87,26,85,2205,0,0,62,0,126,0,68,0,0,0,0,0,0,0,3911,0,91,0,-218911,108,28,0,
-87,26,85,2210,0,0,58,0,144,0,68,0,0,0,0,0,0,0,3911,0,91,0,-219457,112,28,0,
-87,26,85,2215,0,0,70,0,130,0,70,0,0,0,0,0,0,0,3911,0,91,0,-219895,112,28,0,
-87,26,76,2225,0,0,58,0,120,0,66,0,0,0,0,0,0,0,3911,0,91,0,-220875,104,28,0,
-87,26,85,2230,0,0,48,0,132,0,60,0,0,0,0,0,0,0,3911,0,91,0,-221418,110,28,0,
-87,26,85,2235,0,0,72,0,128,0,70,0,0,0,0,0,0,0,3911,0,91,0,-221856,108,28,0,
-87,26,85,2240,0,0,60,0,132,0,72,0,0,0,0,0,0,0,3911,0,91,0,-222396,104,28,0,
-87,25,76,2245,0,0,64,0,144,0,68,0,0,0,0,0,0,0,3911,0,91,0,-222936,104,28,0,
-87,26,67,2250,0,0,62,0,130,0,70,0,0,0,0,0,0,0,3911,0,91,0,-223374,108,28,0,
-87,26,85,2255,0,0,54,0,142,0,60,0,0,0,0,0,0,0,3911,0,91,0,-223912,108,28,0,
-87,26,85,2260,0,0,62,0,126,0,68,0,0,0,0,0,0,0,3911,0,91,0,-224350,110,28,0,
-87,26,85,2265,0,0,58,0,146,0,68,0,0,0,0,0,0,0,3911,0,91,0,-224893,108,28,0,
-87,26,76,2270,0,0,68,0,134,0,70,0,0,0,0,0,0,0,3911,0,91,0,-225331,106,28,0,
-87,26,76,2275,0,0,58,0,146,0,72,0,0,0,0,0,0,0,3911,0,91,0,-225872,108,28,0,
-87,26,85,2280,0,0,58,0,120,0,66,0,0,0,0,0,0,0,3911,0,91,0,-226310,104,28,0,
-87,26,85,2285,0,0,56,0,144,0,64,0,0,0,0,0,0,0,3911,0,91,0,-226848,108,28,0,
-87,26,85,2290,0,0,70,0,132,0,70,0,0,0,0,0,0,0,3911,0,91,0,-227289,108,28,0,
-87,26,85,2295,0,0,60,0,132,0,70,0,0,0,0,0,0,0,3911,0,91,0,-227828,106,28,0,
-87,26,85,2300,0,0,68,0,146,0,68,0,0,0,0,0,0,0,3911,0,91,0,-228369,110,28,0,
-87,26,85,2305,0,0,46,0,122,0,64,0,0,0,0,0,0,0,3911,0,91,0,-228809,110,28,0,
-87,26,85,2310,0,0,54,0,142,0,58,0,0,0,0,0,0,0,3911,0,91,0,-229350,108,28,0,
-87,26,85,2315,0,0,60,0,128,0,70,0,0,0,0,0,0,0,3911,0,91,0,-229788,108,28,0,
-87,26,85,2320,0,0,60,0,144,0,68,0,0,0,0,0,0,0,3911,0,91,0,-230328,110,28,0,
-87,26,85,2325,0,0,68,0,132,0,72,0,0,0,0,0,0,0,3911,0,91,0,-230766,106,28,0,
-87,26,85,2330,0,0,56,0,142,0,66,0,0,0,0,0,0,0,3911,0,91,0,-231307,108,28,0,
-87,26,85,2335,0,0,60,0,124,0,66,0,0,0,0,0,0,0,3911,0,91,0,-231748,104,28,0,
-87,26,85,2340,0,0,54,0,142,0,64,0,0,0,0,0,0,0,3911,0,91,0,-232286,110,28,0,
-87,26,85,2345,0,0,68,0,132,0,70,0,0,0,0,0,0,0,3911,0,91,0,-232824,106,28,0,
-87,26,85,2350,0,0,56,0,140,0,72,0,0,0,0,0,0,0,3911,0,91,0,-233262,104,28,0,
-86,26,76,2355,0,0,66,0,146,0,66,0,0,0,0,0,0,0,3911,0,91,0,-233808,108,28,0,
-87,26,85,2360,0,0,50,0,134,0,62,0,0,0,0,0,0,0,3911,0,91,0,-234246,108,28,0,
-87,26,85,2365,0,0,64,0,142,0,60,0,0,0,0,0,0,0,3911,0,91,0,-234784,108,28,0,
-87,26,85,2370,0,0,58,0,128,0,68,0,0,0,0,0,0,0,3911,0,91,0,-235323,104,28,0,
-86,26,76,2375,0,0,64,0,144,0,68,0,0,0,0,0,0,0,3911,0,91,0,-235766,106,28,0,
-87,26,76,2380,0,0,62,0,132,0,68,0,0,0,0,0,0,0,3906,0,91,0,-236304,106,28,0,
-87,26,76,2385,0,0,54,0,140,0,66,0,0,0,0,0,0,0,3911,0,91,0,-236745,108,28,0,
-87,26,85,2390,0,0,60,0,126,0,68,0,0,0,0,0,0,0,3911,0,91,0,-237283,112,28,0,
-87,26,85,2395,0,0,58,0,144,0,68,0,0,0,0,0,0,0,3911,0,91,0,-237823,108,28,0,
-87,26,85,2400,0,0,68,0,132,0,70,0,0,0,0,0,0,0,3911,0,91,0,-238260,104,28,0,
-87,26,76,2405,0,0,56,0,144,0,70,0,0,0,0,0,0,0,3911,0,91,0,-238799,106,28,0,
-87,26,67,2410,0,0,68,0,140,0,60,0,0,0,0,0,0,0,3911,0,91,0,-239237,106,28,0,
-87,26,85,2415,0,0,48,0,122,0,68,0,0,0,0,0,0,0,3911,0,91,0,-239777,106,28,0,
-87,26,76,2420,0,0,70,0,130,0,64,0,0,0,0,0,0,0,3911,0,91,0,-240215,106,28,0,
-87,26,76,2425,0,0,58,0,128,0,70,0,0,0,0,0,0,0,3911,0,91,0,-240753,106,28,0,
-87,26,76,2430,0,0,74,0,136,0,68,0,0,0,0,0,0,0,3906,0,91,0,-241194,110,28,0,
-87,26,76,2435,0,0,68,0,134,0,64,0,0,0,0,0,0,0,3911,0,91,0,-241731,106,28,0,
-87,26,85,2440,0,0,72,0,130,0,62,0,0,0,0,0,0,0,3906,0,91,0,-242172,112,28,0,
-87,26,85,2445,0,0,60,0,122,0,70,0,0,0,0,0,0,0,3911,0,91,0,-242712,110,28,0,
-87,26,76,2450,0,0,60,0,146,0,72,0,0,0,0,0,0,0,3911,0,91,0,-243256,110,28,0,
-87,26,85,2455,0,0,68,0,132,0,66,0,0,0,0,0,0,0,3911,0,91,0,-243698,108,28,0,
-87,26,76,2460,0,0,62,0,140,0,70,0,0,0,0,0,0,0,3911,0,91,0,-244236,112,28,0,
-87,26,85,2465,0,0,66,0,118,0,58,0,0,0,0,0,0,0,3911,0,91,0,-244674,106,28,0,
-87,26,85,2470,0,0,50,0,132,0,68,0,0,0,0,0,0,0,3911,0,91,0,-245215,110,28,0,
-86,26,76,2475,0,0,70,0,128,0,64,0,0,0,0,0,0,0,3911,0,91,0,-245654,108,28,0,
-87,26,76,2480,0,0,58,0,128,0,70,0,0,0,0,0,0,0,3906,0,91,0,-246192,106,28,0,
-87,26,85,2485,0,0,74,0,140,0,66,0,0,0,0,0,0,0,3911,0,91,0,-246738,110,28,0,
-87,26,85,2490,0,0,62,0,130,0,66,0,0,0,0,0,0,0,3906,0,91,0,-247178,110,28,0,
-87,26,85,2495,0,0,70,0,128,0,62,0,0,0,0,0,0,0,3911,0,91,0,-247718,106,28,0,
-87,26,85,2500,0,0,60,0,124,0,68,0,0,0,0,0,0,0,3911,0,91,0,-248156,110,28,0,
-87,26,76,2505,0,0,60,0,144,0,72,0,0,0,0,0,0,0,3911,0,91,0,-248699,108,28,0,
-87,26,85,2510,0,0,70,0,130,0,66,0,0,0,0,0,0,0,3906,0,91,0,-249240,108,28,0,
-87,26,76,2515,0,0,48,0,146,0,66,0,0,0,0,0,0,0,3911,0,91,0,-249678,108,28,0,
-87,26,85,2520,0,0,58,0,120,0,66,0,0,0,0,0,0,0,3911,0,91,0,-250217,106,28,0,
-87,26,85,2525,0,0,50,0,132,0,70,0,0,0,0,0,0,0,3911,0,91,0,-250658,108,28,0,
-87,26,85,2530,0,0,68,0,130,0,64,0,0,0,0,0,0,0,3906,0,91,0,-251198,110,28,0,
-87,26,85,2535,0,0,60,0,134,0,72,0,0,0,0,0,0,0,3906,0,91,0,-251736,110,28,0,
-87,26,85,2540,0,0,74,0,140,0,66,0,0,0,0,0,0,0,3906,0,91,0,-252180,112,28,0,
-87,26,85,2545,0,0,48,0,122,0,66,0,0,0,0,0,0,0,3911,0,91,0,-252720,106,28,0,
-87,26,85,2550,0,0,70,0,130,0,64,0,0,0,0,0,0,0,3911,0,91,0,-253158,104,28,0,
-87,26,85,2555,0,0,62,0,126,0,70,0,0,0,0,0,0,0,3906,0,91,0,-253696,106,28,0,
-87,26,67,2560,0,0,56,0,146,0,72,0,0,0,0,0,0,0,3906,0,91,0,-254240,106,28,0,
-87,26,85,2565,0,0,66,0,132,0,66,0,0,0,0,0,0,0,3911,0,91,0,-254681,106,28,0,
-87,26,67,2570,0,0,48,0,142,0,64,0,0,0,0,0,0,0,3911,0,91,0,-255219,108,28,0,
-87,26,85,2575,0,0,60,0,120,0,70,0,0,0,0,0,0,0,3906,0,91,0,-255659,108,28,0,
-87,26,85,2580,0,0,58,0,144,0,72,0,0,0,0,0,0,0,3906,0,91,0,-256197,104,28,0,
-87,26,76,2585,0,0,70,0,132,0,66,0,0,0,0,0,0,0,3911,0,91,0,-256635,106,28,0,
-87,26,67,2590,0,0,62,0,140,0,68,0,0,0,0,0,0,0,3906,0,91,0,-257174,102,28,0,
-87,26,85,2595,0,0,66,0,118,0,60,0,0,0,0,0,0,0,3911,0,91,0,-257620,106,28,0,
-87,26,85,2600,0,0,48,0,124,0,68,0,0,0,0,0,0,0,3906,0,91,0,-258161,104,28,0,
-87,26,85,2605,0,0,72,0,132,0,66,0,0,0,0,0,0,0,3906,0,91,0,-258599,106,28,0,
-87,26,85,2610,0,0,58,0,130,0,72,0,0,0,0,0,0,0,3906,0,91,0,-259137,108,28,0,
-87,26,85,2615,0,0,54,0,144,0,72,0,0,0,0,0,0,0,3906,0,91,0,-259677,108,28,0,
-87,26,85,2620,0,0,68,0,134,0,66,0,0,0,0,0,0,0,3906,0,91,0,-260120,106,28,0,
-87,26,76,2625,0,0,50,0,142,0,60,0,0,0,0,0,0,0,3906,0,91,0,-260660,108,28,0,
-87,26,85,2630,0,0,60,0,124,0,68,0,0,0,0,0,0,0,3906,0,91,0,-261106,104,28,0,
-87,26,85,2635,0,0,60,0,146,0,72,0,0,0,0,0,0,0,3911,0,91,0,-261645,112,28,0,
-87,26,85,2640,0,0,68,0,134,0,66,0,0,0,0,0,0,0,3911,0,91,0,-262085,108,28,0,
-87,26,85,2645,0,0,62,0,140,0,70,0,0,0,0,0,0,0,3906,0,91,0,-262626,108,28,0,
-87,26,76,2650,0,0,66,0,122,0,60,0,0,0,0,0,0,0,3906,0,91,0,-263064,106,28,0,
-87,26,76,2655,0,0,50,0,134,0,68,0,0,0,0,0,0,0,3906,0,91,0,-263602,108,28,0,
-87,26,85,2660,0,0,58,0,144,0,68,0,0,0,0,0,0,0,3911,0,91,0,-264140,108,28,0,
-87,26,85,2665,0,0,60,0,130,0,72,0,0,0,0,0,0,0,3906,0,91,0,-264578,110,28,0,
-87,26,85,2670,0,0,58,0,144,0,72,0,0,0,0,0,0,0,3906,0,91,0,-265115,112,28,0,
-87,26,85,2675,0,0,62,0,132,0,66,0,0,0,0,0,0,0,3906,0,91,0,-265556,104,28,0,
-87,26,85,2680,0,0,50,0,142,0,62,0,0,0,0,0,0,0,3906,0,91,0,-266096,110,28,0,
-87,26,76,2685,0,0,62,0,126,0,70,0,0,0,0,0,0,0,3911,0,91,0,-266537,108,28,0,
-87,26,85,2690,0,0,60,0,146,0,72,0,0,0,0,0,0,0,3911,0,91,0,-267075,110,28,0,
-87,26,76,2695,0,0,68,0,132,0,68,0,0,0,0,0,0,0,3911,0,91,0,-267613,110,28,0,
-87,26,76,2700,0,0,48,0,144,0,64,0,0,0,0,0,0,0,3911,0,91,0,-268051,108,28,0,
-87,26,85,2705,0,0,58,0,120,0,66,0,0,0,0,0,0,0,3906,0,91,0,-268588,108,28,0,
-87,26,85,2710,0,0,50,0,134,0,70,0,0,0,0,0,0,0,3906,0,91,0,-269026,108,28,0,
-87,26,85,2715,0,0,60,0,146,0,68,0,0,0,0,0,0,0,3906,0,91,0,-269568,104,28,0,
-87,26,76,2720,0,0,60,0,132,0,70,0,0,0,0,0,0,0,3906,0,91,0,-270109,102,28,0,
-87,85,-91,10,0,58,0,36864,0,18432,0,0,0,0,0,0,0,66,15,23296,0,43,1828715487,7168,0,192,
-87,26,85,2730,0,0,48,0,122,0,66,0,0,0,0,0,0,0,3906,0,91,0,-271090,110,28,0,
-87,26,85,2735,0,0,54,0,144,0,64,0,0,0,0,0,0,0,3906,0,91,0,-271528,110,28,0,
-87,26,85,2740,0,0,62,0,126,0,70,0,0,0,0,0,0,0,3906,0,91,0,-272070,106,28,0,
-87,26,85,2745,0,0,54,0,144,0,72,0,0,0,0,0,0,0,3911,0,91,0,-272611,106,28,0,
-87,26,85,2750,0,0,68,0,134,0,66,0,0,0,0,0,0,0,3906,0,91,0,-273051,106,28,0,
-87,26,76,2755,0,0,48,0,142,0,62,0,0,0,0,0,0,0,3906,0,91,0,-273589,108,28,0,
-87,26,85,2760,0,0,60,0,124,0,70,0,0,0,0,0,0,0,3911,0,91,0,-274027,108,28,0,
-87,26,85,2765,0,0,58,0,146,0,70,0,0,0,0,0,0,0,3906,0,91,0,-274570,110,28,0,
-87,26,85,2770,0,0,60,0,146,0,68,0,0,0,0,0,0,0,3906,0,91,0,-275111,110,28,0,
-87,26,85,2775,0,0,62,0,142,0,70,0,0,0,0,0,0,0,3906,0,91,0,-275551,110,28,0,
-87,26,85,2780,0,0,56,0,148,0,68,0,0,0,0,0,0,0,3906,0,91,0,-276093,108,28,0,
-87,26,85,2785,0,0,48,0,124,0,68,0,0,0,0,0,0,0,3911,0,91,0,-276531,110,28,0,
-87,26,85,2790,0,0,58,0,146,0,68,0,0,0,0,0,0,0,3906,0,91,0,-277069,108,28,0,
-87,26,76,2795,0,0,58,0,130,0,70,0,0,0,0,0,0,0,3906,0,91,0,-277510,106,28,0,
-87,26,85,2800,0,0,56,0,144,0,72,0,0,0,0,0,0,0,3906,0,91,0,-278051,108,28,0,
-87,26,76,2805,0,0,66,0,134,0,66,0,0,0,0,0,0,0,3906,0,91,0,-278490,108,28,0,
-87,26,85,2810,0,0,52,0,144,0,62,0,0,0,0,0,0,0,3906,0,91,0,-279028,112,28,0,
-87,26,85,2815,0,0,64,0,134,0,58,0,0,0,0,0,0,0,3906,0,91,0,-279566,108,28,0,
-87,26,76,2820,0,0,60,0,148,0,72,0,0,0,0,0,0,0,3906,0,91,0,-280006,110,28,0,
-87,26,85,2825,0,0,64,0,144,0,68,0,0,0,0,0,0,0,3911,0,91,0,-280544,108,28,0,
-87,26,85,2830,0,0,62,0,142,0,70,0,0,0,0,0,0,0,3906,0,91,0,-280982,108,28,0,
-87,26,85,2835,0,0,56,0,148,0,68,0,0,0,0,0,0,0,3911,0,91,0,-281520,108,28,0,
-87,26,85,2840,0,0,50,0,134,0,70,0,0,0,0,0,0,0,3906,0,91,0,-281958,110,28,0,
-87,26,76,2845,0,0,58,0,146,0,70,0,0,0,0,0,0,0,3911,0,91,0,-282499,104,28,0,
-87,26,85,2850,0,0,60,0,130,0,70,0,0,0,0,0,0,0,3906,0,91,0,-282939,108,28,0,
-87,26,85,2855,0,0,58,0,144,0,72,0,0,0,0,0,0,0,3906,0,91,0,-283477,110,28,0,
-87,26,76,2860,0,0,62,0,132,0,66,0,0,0,0,0,0,0,3906,0,91,0,-283915,108,28,0,
-87,27,85,2865,0,0,50,0,142,0,64,0,0,0,0,0,0,0,3906,0,91,0,-284453,112,28,0,
-87,26,85,2870,0,0,70,0,128,0,70,0,0,0,0,0,0,0,3906,0,91,0,-284991,106,28,0,
-87,26,76,2875,0,0,58,0,128,0,72,0,0,0,0,0,0,0,3911,0,91,0,-285432,110,28,0,
-86,26,85,2880,0,0,76,0,132,0,64,0,0,0,0,0,0,0,3906,0,91,0,-285971,106,28,0,
-87,26,85,2885,0,0,62,0,132,0,70,0,0,0,0,0,0,0,3906,0,91,0,-286511,108,28,0,
-87,26,85,2890,0,0,70,0,120,0,60,0,0,0,0,0,0,0,3906,0,91,0,-286952,104,28,0,
-87,26,76,2895,0,0,60,0,122,0,68,0,0,0,0,0,0,0,3906,0,91,0,-287492,106,28,0,
-87,26,85,2900,0,0,56,0,144,0,68,0,0,0,0,0,0,0,3911,0,91,0,-287935,106,28,0,
-87,26,85,2905,0,0,68,0,130,0,70,0,0,0,0,0,0,0,3906,0,91,0,-288476,108,28,0,
-87,26,85,2910,0,0,56,0,138,0,72,0,0,0,0,0,0,0,3906,0,91,0,-289014,104,28,0,
-87,26,76,2915,0,0,58,0,118,0,66,0,0,0,0,0,0,0,3906,0,91,0,-289454,104,28,0,
-87,26,76,2920,0,0,48,0,134,0,60,0,0,0,0,0,0,0,3906,0,91,0,-289995,108,28,0,
-87,26,85,2925,0,0,70,0,130,0,68,0,0,0,0,0,0,0,3906,0,91,0,-290434,104,28,0,
-87,26,85,2930,0,0,60,0,134,0,72,0,0,0,0,0,0,0,3906,0,91,0,-290977,106,28,0,
-87,26,85,2935,0,0,74,0,140,0,66,0,0,0,0,0,0,0,3906,0,91,0,-291417,108,28,0,
-87,26,76,2940,0,0,62,0,132,0,70,0,0,0,0,0,0,0,3906,0,91,0,-291955,108,28,0,
-87,26,85,2945,0,0,70,0,132,0,64,0,0,0,0,0,0,0,3906,0,91,0,-292393,108,28,0,
-87,26,76,2950,0,0,62,0,126,0,68,0,0,0,0,0,0,0,3906,0,91,0,-292930,108,28,0,
-86,26,85,2955,0,0,58,0,146,0,66,0,0,0,0,0,0,0,3906,0,91,0,-293474,112,28,0,
-87,26,85,2960,0,0,68,0,132,0,70,0,0,0,0,0,0,0,3906,0,91,0,-293913,104,28,0,
-87,26,85,2965,0,0,58,0,144,0,72,0,0,0,0,0,0,0,3906,0,91,0,-294454,108,28,0,
-87,26,85,2970,0,0,58,0,120,0,66,0,0,0,0,0,0,0,3906,0,91,0,-294894,104,28,0,
-86,26,85,2980,0,0,68,0,130,0,70,0,0,0,0,0,0,0,3906,0,91,0,-295870,104,28,0,
-87,26,85,2985,0,0,60,0,132,0,70,0,0,0,0,0,0,0,3906,0,91,0,-296413,104,28,0,
-87,26,76,2990,0,0,72,0,138,0,66,0,0,0,0,0,0,0,3906,0,91,0,-296851,108,28,0,
-87,26,85,3000,0,0,70,0,120,0,66,0,0,0,0,0,0,0,3906,0,91,0,-297830,112,28,0,
-87,26,85,3005,0,0,62,0,126,0,68,0,0,0,0,0,0,0,3906,0,91,0,-298368,110,28,0,
-87,26,85,3010,0,0,60,0,144,0,66,0,0,0,0,0,0,0,3906,0,91,0,-298912,100,28,0,
-87,26,85,3015,0,0,66,0,132,0,70,0,0,0,0,0,0,0,3906,0,91,0,-299351,110,28,0,
-87,26,85,3020,0,0,58,0,144,0,72,0,0,0,0,0,0,0,3906,0,91,0,-299889,108,28,0,
-87,26,85,3025,0,0,60,0,124,0,68,0,0,0,0,0,0,0,3906,0,91,0,-300329,108,28,0,
-87,26,85,3030,0,0,56,0,146,0,64,0,0,0,0,0,0,0,3906,0,91,0,-300872,108,28,0,
-87,26,85,3035,0,0,70,0,130,0,68,0,0,0,0,0,0,0,3906,0,91,0,-301310,110,28,0,
-86,26,85,3040,0,0,54,0,140,0,72,0,0,0,0,0,0,0,3906,0,91,0,-301853,110,28,0,
-87,26,76,3045,0,0,66,0,118,0,66,0,0,0,0,0,0,0,3906,0,91,0,-302391,112,28,0,
-87,26,85,3050,0,0,46,0,122,0,64,0,0,0,0,0,0,0,3906,0,91,0,-302829,110,28,0,
-87,26,76,3055,0,0,72,0,130,0,70,0,0,0,0,0,0,0,3906,0,91,0,-303369,108,28,0,
-87,26,85,3060,0,0,60,0,126,0,70,0,0,0,0,0,0,0,3906,0,91,0,-303807,104,28,0,
-87,26,76,3065,0,0,62,0,144,0,68,0,0,0,0,0,0,0,3906,0,91,0,-304348,110,28,0,
-87,26,85,3070,0,0,64,0,132,0,68,0,0,0,0,0,0,0,3906,0,91,0,-304888,108,28,0,
-87,26,85,3075,0,0,56,0,142,0,68,0,0,0,0,0,0,0,3906,0,91,0,-305326,108,28,0,
-87,26,85,3080,0,0,60,0,124,0,66,0,0,0,0,0,0,0,3911,0,91,0,-305865,106,28,0,
-87,26,85,3085,0,0,58,0,144,0,68,0,0,0,0,0,0,0,3906,0,91,0,-306312,106,28,0,
-87,26,85,3090,0,0,68,0,134,0,72,0,0,0,0,0,0,0,3906,0,91,0,-306852,106,28,0,
-87,26,85,3095,0,0,56,0,140,0,72,0,0,0,0,0,0,0,3906,0,91,0,-307396,104,28,0,
-87,26,85,3100,0,0,68,0,142,0,64,0,0,0,0,0,0,0,3906,0,91,0,-307837,102,28,0,
-87,26,85,3105,0,0,54,0,142,0,66,0,0,0,0,0,0,0,3906,0,91,0,-308276,110,28,0,
-87,26,76,3110,0,0,74,0,130,0,64,0,0,0,0,0,0,0,3906,0,91,0,-308815,110,28,0,
-87,26,85,3115,0,0,56,0,144,0,72,0,0,0,0,0,0,0,3906,0,91,0,-309354,108,28,0,
-87,26,85,3120,0,0,68,0,140,0,68,0,0,0,0,0,0,0,3906,0,91,0,-309800,108,28,0,
-86,27,85,3125,0,0,50,0,144,0,64,0,0,0,0,0,0,0,3906,0,91,0,-310340,108,28,0,
-87,26,85,3130,0,0,66,0,134,0,60,0,0,0,0,0,0,0,3906,0,91,0,-310780,108,28,0,
-87,26,85,3135,0,0,72,0,130,0,66,0,0,0,0,0,0,0,3906,0,91,0,-311322,108,28,0,
-87,26,85,3140,0,0,60,0,144,0,68,0,0,0,0,0,0,0,3906,0,91,0,-311863,108,28,0,
-87,27,85,3145,0,0,76,0,130,0,64,0,0,0,0,0,0,0,3906,0,91,0,-312301,106,28,0,
-87,27,76,3150,0,0,56,0,146,0,68,0,0,0,0,0,0,0,3906,0,91,0,-312842,108,28,0,
-87,26,85,3155,0,0,70,0,138,0,64,0,0,0,0,0,0,0,3906,0,91,0,-313285,106,28,0,
-87,26,85,3160,0,0,58,0,144,0,68,0,0,0,0,0,0,0,3906,0,91,0,-313823,110,28,0,
-86,27,85,3165,0,0,72,0,130,0,66,0,0,0,0,0,0,0,3906,0,91,0,-314362,108,28,0,
-87,26,85,3170,0,0,56,0,144,0,72,0,0,0,0,0,0,0,3906,0,91,0,-314803,106,28,0,
-87,27,85,3175,0,0,70,0,136,0,70,0,0,0,0,0,0,0,3906,0,91,0,-315344,110,28,0,
-87,27,85,3180,0,0,50,0,142,0,60,0,0,0,0,0,0,0,3906,0,91,0,-315782,110,28,0,
-87,27,85,3185,0,0,66,0,134,0,60,0,0,0,0,0,0,0,3906,0,91,0,-316320,112,28,0,
-87,27,85,3190,0,0,72,0,130,0,64,0,0,0,0,0,0,0,3906,0,91,0,-316861,112,28,0,
-87,26,76,3195,0,0,64,0,144,0,68,0,0,0,0,0,0,0,3906,0,91,0,-317301,106,28,0,
-87,26,85,3200,0,0,76,0,132,0,64,0,0,0,0,0,0,0,3906,0,91,0,-317842,110,28,0,
-87,27,85,3205,0,0,56,0,148,0,68,0,0,0,0,0,0,0,3906,0,91,0,-318284,106,28,0,
-87,27,85,3210,0,0,72,0,120,0,62,0,0,0,0,0,0,0,3906,0,91,0,-318823,108,28,0,
-87,27,85,3215,0,0,58,0,146,0,68,0,0,0,0,0,0,0,3906,0,91,0,-319261,108,28,0,
-87,27,85,3220,0,0,72,0,132,0,66,0,0,0,0,0,0,0,3906,0,91,0,-319799,110,28,0,
-87,27,76,3225,0,0,58,0,144,0,72,0,0,0,0,0,0,0,3906,0,91,0,-320237,108,28,0,
-87,27,85,3230,0,0,72,0,138,0,68,0,0,0,0,0,0,0,3906,0,91,0,-320778,110,28,0,
-87,27,85,3235,0,0,48,0,142,0,62,0,0,0,0,0,0,0,3906,0,91,0,-321216,106,28,0,
-87,27,85,3240,0,0,74,0,130,0,64,0,0,0,0,0,0,0,3906,0,91,0,-321754,106,28,0,
-87,27,76,3245,0,0,70,0,128,0,70,0,0,0,0,0,0,0,3906,0,91,0,-322293,108,28,0,
-87,26,85,3250,0,0,64,0,146,0,68,0,0,0,0,0,0,0,3906,0,91,0,-322732,108,28,0,
-87,27,85,3255,0,0,74,0,140,0,64,0,0,0,0,0,0,0,3906,0,91,0,-323273,108,28,0,
-87,27,85,3260,0,0,54,0,140,0,60,0,0,0,0,0,0,0,3906,0,91,0,-323719,108,28,0,
-87,27,76,3265,0,0,70,0,118,0,60,0,0,0,0,0,0,0,3906,0,91,0,-324258,108,28,0,
-87,27,76,3270,0,0,60,0,146,0,66,0,0,0,0,0,0,0,3906,0,91,0,-324696,110,28,0,
-87,27,85,3275,0,0,78,0,130,0,64,0,0,0,0,0,0,0,3906,0,91,0,-325233,108,28,0,
-87,27,85,3280,0,0,58,0,144,0,72,0,0,0,0,0,0,0,3906,0,91,0,-325671,110,28,0,
-87,27,85,3285,0,0,70,0,140,0,64,0,0,0,0,0,0,0,3906,0,91,0,-326211,106,28,0,
-87,27,85,3290,0,0,54,0,144,0,66,0,0,0,0,0,0,0,3906,0,91,0,-326649,108,28,0,
-87,27,76,3295,0,0,72,0,128,0,64,0,0,0,0,0,0,0,3906,0,91,0,-327187,104,28,0,
-87,27,76,3300,0,0,70,0,132,0,70,0,0,0,0,0,0,0,3906,0,91,0,-327728,102,28,0,
-87,27,76,3305,0,0,68,0,138,0,68,0,0,0,0,0,0,0,3906,0,91,0,-328169,104,28,0,
-86,27,85,3310,0,0,72,0,140,0,66,0,0,0,0,0,0,0,3906,0,91,0,-328708,102,28,0,
-87,27,85,3315,0,0,64,0,132,0,60,0,0,0,0,0,0,0,3906,0,91,0,-329148,108,28,0,
-87,27,85,3325,0,0,60,0,144,0,68,0,0,0,0,0,0,0,3906,0,91,0,-330226,108,28,0,
-87,27,85,3335,0,0,58,0,148,0,68,0,0,0,0,0,0,0,3906,0,91,0,-331207,108,28,0,
-87,27,85,3340,0,0,68,0,140,0,64,0,0,0,0,0,0,0,3906,0,91,0,-331650,106,28,0,
-87,27,76,3345,0,0,58,0,146,0,68,0,0,0,0,0,0,0,3906,0,91,0,-332189,106,28,0,
-87,27,85,3350,0,0,72,0,132,0,66,0,0,0,0,0,0,0,3906,0,91,0,-332730,110,28,0,
-87,27,85,3355,0,0,68,0,132,0,70,0,0,0,0,0,0,0,3906,0,91,0,-333168,110,28,0,
-87,27,85,3360,0,0,72,0,138,0,70,0,0,0,0,0,0,0,3906,0,91,0,-333707,112,28,0,
-87,27,85,3365,0,0,66,0,118,0,66,0,0,0,0,0,0,0,3906,0,91,0,-334147,110,28,0,
-87,27,85,3370,0,0,64,0,134,0,60,0,0,0,0,0,0,0,3906,0,91,0,-334687,108,28,0,
-87,27,67,3375,0,0,72,0,132,0,66,0,0,0,0,0,0,0,3906,0,91,0,-335227,108,28,0,
-87,27,85,3380,0,0,64,0,146,0,68,0,0,0,0,0,0,0,3906,0,91,0,-335665,106,28,0,
-87,27,85,3385,0,0,76,0,132,0,64,0,0,0,0,0,0,0,3906,0,91,0,-336208,106,28,0,
-87,27,85,3390,0,0,56,0,148,0,66,0,0,0,0,0,0,0,3906,0,91,0,-336646,106,28,0,
-87,27,85,3395,0,0,70,0,120,0,62,0,0,0,0,0,0,0,3906,0,91,0,-337186,106,28,0,
-87,27,85,3400,0,0,60,0,124,0,68,0,0,0,0,0,0,0,3906,0,91,0,-337724,104,28,0,
-87,27,76,3405,0,0,74,0,130,0,66,0,0,0,0,0,0,0,3906,0,91,0,-338162,108,28,0,
-87,27,85,3410,0,0,68,0,132,0,70,0,0,0,0,0,0,0,3906,0,91,0,-338700,106,28,0,
-87,27,85,3415,0,0,70,0,138,0,68,0,0,0,0,0,0,0,3906,0,91,0,-339137,108,28,0,
-87,27,85,3420,0,0,64,0,120,0,66,0,0,0,0,0,0,0,3906,0,91,0,-339681,106,28,0,
-87,27,85,3425,0,0,72,0,130,0,64,0,0,0,0,0,0,0,3906,0,91,0,-340119,108,28,0,
-87,27,67,3430,0,0,72,0,130,0,72,0,0,0,0,0,0,0,3906,0,91,0,-340657,110,28,0,
-87,27,85,3435,0,0,62,0,144,0,70,0,0,0,0,0,0,0,3906,0,91,0,-341095,106,28,0,
-87,27,85,3440,0,0,74,0,138,0,68,0,0,0,0,0,0,0,3906,0,91,0,-341635,108,28,0,
-87,27,67,3445,0,0,54,0,142,0,58,0,0,0,0,0,0,0,3906,0,91,0,-342076,108,28,0,
-87,27,76,3450,0,0,70,0,118,0,60,0,0,0,0,0,0,0,3906,0,91,0,-342619,108,28,0,
-87,27,85,3455,0,0,62,0,128,0,68,0,0,0,0,0,0,0,3906,0,91,0,-343160,112,28,0,
-87,27,85,3460,0,0,76,0,128,0,66,0,0,0,0,0,0,0,3906,0,91,0,-343598,110,28,0,
-87,27,85,3465,0,0,68,0,132,0,72,0,0,0,0,0,0,0,3906,0,91,0,-344136,110,28,0,
-87,27,85,3470,0,0,70,0,140,0,64,0,0,0,0,0,0,0,3906,0,91,0,-344577,108,28,0,
-87,27,85,3475,0,0,58,0,120,0,66,0,0,0,0,0,0,0,3906,0,91,0,-345120,108,28,0,
-87,27,85,3480,0,0,72,0,128,0,62,0,0,0,0,0,0,0,3906,0,91,0,-345558,106,28,0,
-87,27,85,3485,0,0,68,0,130,0,70,0,0,0,0,0,0,0,3906,0,91,0,-346096,108,28,0,
-87,27,85,3490,0,0,68,0,138,0,68,0,0,0,0,0,0,0,3906,0,91,0,-346540,108,28,0,
-87,27,85,3495,0,0,72,0,140,0,66,0,0,0,0,0,0,0,3906,0,91,0,-347078,108,28,0,
-87,27,85,3500,0,0,66,0,132,0,60,0,0,0,0,0,0,0,3906,0,91,0,-347516,106,28,0,
-87,27,85,3505,0,0,72,0,130,0,66,0,0,0,0,0,0,0,3906,0,91,0,-348057,112,28,0,
-87,27,85,3510,0,0,62,0,126,0,70,0,0,0,0,0,0,0,3906,0,91,0,-348600,110,28,0,
-87,27,76,3515,0,0,74,0,130,0,64,0,0,0,0,0,0,0,3906,0,91,0,-349041,104,28,0,
-87,27,85,3520,0,0,68,0,132,0,70,0,0,0,0,0,0,0,3906,0,91,0,-349579,104,28,0,
-87,27,85,3525,0,0,70,0,140,0,64,0,0,0,0,0,0,0,3906,0,91,0,-350017,104,28,0,
-86,27,85,3530,0,0,62,0,122,0,68,0,0,0,0,0,0,0,3906,0,91,0,-350560,104,28,0,
-87,27,85,3535,0,0,72,0,132,0,66,0,0,0,0,0,0,0,3906,0,91,0,-351098,110,28,0,
-87,27,85,3540,0,0,70,0,130,0,70,0,0,0,0,0,0,0,3906,0,91,0,-351536,108,28,0,
-86,27,85,3545,0,0,70,0,138,0,68,0,0,0,0,0,0,0,3906,0,91,0,-352078,114,28,0,
-87,27,76,3550,0,0,64,0,118,0,66,0,0,0,0,0,0,0,3906,0,91,0,-352517,112,28,0,
-87,27,85,3555,0,0,54,0,144,0,60,0,0,0,0,0,0,0,3906,0,91,0,-353055,106,28,0,
-87,27,85,3560,0,0,72,0,132,0,66,0,0,0,0,0,0,0,3906,0,91,0,-353598,108,28,0,
-87,27,85,3565,0,0,58,0,144,0,68,0,0,0,0,0,0,0,3906,0,91,0,-354039,110,28,0,
-87,27,85,3570,0,0,78,0,138,0,68,0,0,0,0,0,0,0,3906,0,91,0,-354578,110,28,0,
-86,27,85,3575,0,0,56,0,142,0,72,0,0,0,0,0,0,0,3906,0,91,0,-355019,106,28,0,
-87,26,85,3580,0,0,70,0,134,0,58,0,0,0,0,0,0,0,3906,0,91,0,-355557,108,28,0,
-87,27,85,3585,0,0,54,0,144,0,64,0,0,0,0,0,0,0,3906,0,91,0,-356002,108,28,0,
-87,27,76,3590,0,0,72,0,146,0,68,0,0,0,0,0,0,0,3906,0,91,0,-356540,104,28,0,
-87,27,76,3595,0,0,56,0,140,0,72,0,0,0,0,0,0,0,3906,0,91,0,-356978,108,28,0,
-87,27,85,3600,0,0,68,0,148,0,68,0,0,0,0,0,0,0,3900,0,91,0,-357518,112,28,0,
-87,27,85,3605,0,0,72,0,140,0,64,0,0,0,0,0,0,0,3906,0,91,0,-358058,110,28,0,
-87,27,85,3610,0,0,64,0,142,0,68,0,0,0,0,0,0,0,3906,0,91,0,-358496,110,28,0,
-87,27,85,3615,0,0,72,0,132,0,66,0,0,0,0,0,0,0,3906,0,91,0,-359037,106,28,0,
-87,27,85,3620,0,0,60,0,144,0,68,0,0,0,0,0,0,0,3906,0,91,0,-359480,108,28,0,
-87,27,76,3625,0,0,76,0,140,0,68,0,0,0,0,0,0,0,3906,0,91,0,-360020,108,28,0,
-87,27,85,3630,0,0,56,0,142,0,68,0,0,0,0,0,0,0,3900,0,91,0,-360458,110,28,0,
-87,27,85,3635,0,0,70,0,134,0,60,0,0,0,0,0,0,0,3900,0,91,0,-360995,108,28,0,
-87,27,76,3640,0,0,56,0,144,0,68,0,0,0,0,0,0,0,3906,0,91,0,-361437,104,28,0,
-87,27,85,3645,0,0,72,0,144,0,68,0,0,0,0,0,0,0,3906,0,91,0,-361977,110,28,0,
-87,27,85,3650,0,0,56,0,140,0,72,0,0,0,0,0,0,0,3906,0,91,0,-362515,106,28,0,
-87,27,85,3655,0,0,72,0,140,0,58,0,0,0,0,0,0,0,3906,0,91,0,-362953,108,28,0,
-87,27,76,3660,0,0,66,0,118,0,60,0,0,0,0,0,0,0,3906,0,91,0,-363493,108,28,0,
-87,27,67,3665,0,0,64,0,144,0,60,0,0,0,0,0,0,0,3906,0,91,0,-363932,112,28,0,
-87,27,85,3670,0,0,70,0,130,0,64,0,0,0,0,0,0,0,3906,0,91,0,-364475,108,28,0,
-87,27,85,3675,0,0,64,0,142,0,68,0,0,0,0,0,0,0,3906,0,91,0,-365016,108,28,0,
-87,27,76,3680,0,0,76,0,138,0,68,0,0,0,0,0,0,0,3906,0,91,0,-365454,110,28,0,
-87,27,85,3685,0,0,54,0,142,0,58,0,0,0,0,0,0,0,3906,0,91,0,-365994,106,28,0,
-87,27,76,3690,0,0,70,0,130,0,64,0,0,0,0,0,0,0,3906,0,91,0,-366434,112,28,0,
-87,27,85,3695,0,0,58,0,144,0,68,0,0,0,0,0,0,0,3900,0,91,0,-366974,112,28,0,
-87,27,85,3700,0,0,78,0,138,0,66,0,0,0,0,0,0,0,3906,0,91,0,-367512,108,28,0,
-87,27,85,3705,0,0,58,0,142,0,70,0,0,0,0,0,0,0,3900,0,91,0,-367949,104,28,0,
-87,27,85,3710,0,0,70,0,140,0,58,0,0,0,0,0,0,0,3900,0,91,0,-368493,104,28,0,
-87,27,85,3715,0,0,56,0,118,0,66,0,0,0,0,0,0,0,3906,0,91,0,-368931,104,28,0,
-87,27,85,3720,0,0,72,0,146,0,68,0,0,0,0,0,0,0,3906,0,91,0,-369470,104,28,0,
-87,27,76,3725,0,0,72,0,128,0,64,0,0,0,0,0,0,0,3906,0,91,0,-370013,104,28,0,
-87,27,85,3730,0,0,68,0,146,0,68,0,0,0,0,0,0,0,3906,0,91,0,-370456,108,28,0,
-87,27,85,3735,0,0,72,0,138,0,64,0,0,0,0,0,0,0,3906,0,91,0,-370994,108,28,0,
-87,27,76,3740,0,0,54,0,142,0,60,0,0,0,0,0,0,0,3906,0,91,0,-371432,108,28,0,
-87,27,85,3745,0,0,70,0,132,0,66,0,0,0,0,0,0,0,3900,0,91,0,-371970,104,28,0,
-86,27,85,3750,0,0,60,0,144,0,68,0,0,0,0,0,0,0,3900,0,91,0,-372412,102,28,0,
-87,27,85,3755,0,0,76,0,136,0,66,0,0,0,0,0,0,0,3906,0,91,0,-372953,108,28,0,
-87,27,76,3760,0,0,56,0,142,0,72,0,0,0,0,0,0,0,3906,0,91,0,-373391,108,28,0,
-87,27,85,3765,0,0,68,0,132,0,62,0,0,0,0,0,0,0,3906,0,91,0,-373934,106,28,0,
-87,27,85,3770,0,0,56,0,118,0,64,0,0,0,0,0,0,0,3906,0,91,0,-374472,106,28,0,
-87,27,85,3775,0,0,72,0,146,0,68,0,0,0,0,0,0,0,3906,0,91,0,-374909,104,28,0,
-87,27,85,3780,0,0,68,0,130,0,66,0,0,0,0,0,0,0,3906,0,91,0,-375451,110,28,0,
-87,27,85,3785,0,0,54,0,140,0,72,0,0,0,0,0,0,0,3906,0,91,0,-375895,110,28,0,
-87,27,76,3790,0,0,64,0,120,0,66,0,0,0,0,0,0,0,3906,0,91,0,-376436,110,28,0,
-87,27,76,3795,0,0,50,0,132,0,62,0,0,0,0,0,0,0,3906,0,91,0,-376980,110,28,0,
-87,27,85,3800,0,0,72,0,130,0,70,0,0,0,0,0,0,0,3906,0,91,0,-377421,108,28,0,
-87,27,85,3805,0,0,60,0,128,0,70,0,0,0,0,0,0,0,3906,0,91,0,-377965,110,28,0,
-87,27,76,3810,0,0,72,0,138,0,66,0,0,0,0,0,0,0,3906,0,91,0,-378404,106,28,0,
-87,27,85,3815,0,0,62,0,132,0,70,0,0,0,0,0,0,0,3906,0,91,0,-378942,106,28,0,
-87,27,76,3820,0,0,72,0,118,0,60,0,0,0,0,0,0,0,3900,0,91,0,-379383,108,28,0,
-87,27,85,3825,0,0,60,0,126,0,68,0,0,0,0,0,0,0,3900,0,91,0,-379923,108,28,0,
-87,27,85,3830,0,0,78,0,128,0,64,0,0,0,0,0,0,0,3900,0,91,0,-380364,106,28,0,
-87,27,85,3835,0,0,68,0,132,0,70,0,0,0,0,0,0,0,3906,0,91,0,-380905,108,28,0,
-87,27,85,3840,0,0,58,0,146,0,74,0,0,0,0,0,0,0,3906,0,91,0,-381444,108,28,0,
-87,27,85,3845,0,0,58,0,120,0,64,0,0,0,0,0,0,0,3906,0,91,0,-381884,108,28,0,
-87,27,85,3850,0,0,50,0,132,0,60,0,0,0,0,0,0,0,3900,0,91,0,-382425,108,28,0,
-87,27,85,3855,0,0,68,0,130,0,70,0,0,0,0,0,0,0,3906,0,91,0,-382863,108,28,0,
-87,27,85,3860,0,0,60,0,132,0,70,0,0,0,0,0,0,0,3900,0,91,0,-383406,106,28,0,
-87,27,85,3865,0,0,74,0,138,0,66,0,0,0,0,0,0,0,3900,0,91,0,-383844,108,28,0,
-87,27,76,3870,0,0,48,0,122,0,64,0,0,0,0,0,0,0,3906,0,91,0,-384383,108,28,0,
-87,27,85,3875,0,0,72,0,130,0,66,0,0,0,0,0,0,0,3906,0,91,0,-384829,108,28,0,
-87,27,76,3880,0,0,62,0,126,0,70,0,0,0,0,0,0,0,3906,0,91,0,-385369,112,28,0,
-87,27,85,3885,0,0,76,0,130,0,66,0,0,0,0,0,0,0,3900,0,91,0,-385810,108,28,0,
-87,27,85,3895,0,0,58,0,144,0,72,0,0,0,0,0,0,0,3906,0,91,0,-386887,106,28,0,
-87,27,85,3900,0,0,60,0,124,0,68,0,0,0,0,0,0,0,3900,0,91,0,-387325,102,28,0,
-87,27,85,3905,0,0,54,0,144,0,64,0,0,0,0,0,0,0,3906,0,91,0,-387866,108,28,0,
-87,27,85,3910,0,0,70,0,130,0,68,0,0,0,0,0,0,0,3900,0,91,0,-388309,108,28,0,
-87,27,58,3915,0,0,56,0,138,0,72,0,0,0,0,0,0,0,3900,0,91,0,-388852,110,28,0,
-87,27,85,3920,0,0,64,0,118,0,66,0,0,0,0,0,0,0,3900,0,91,0,-389293,110,28,0,
-87,27,85,3925,0,0,46,0,122,0,64,0,0,0,0,0,0,0,3906,0,91,0,-389831,108,28,0,
-87,27,85,3930,0,0,72,0,130,0,64,0,0,0,0,0,0,0,3900,0,91,0,-390374,112,28,0,
-87,27,85,3935,0,0,58,0,128,0,70,0,0,0,0,0,0,0,3906,0,91,0,-390814,110,28,0,
-87,27,76,3940,0,0,76,0,130,0,66,0,0,0,0,0,0,0,3900,0,91,0,-391352,106,28,0,
-87,27,85,3945,0,0,68,0,132,0,70,0,0,0,0,0,0,0,3906,0,91,0,-391793,106,28,0,
-87,27,85,3950,0,0,56,0,142,0,66,0,0,0,0,0,0,0,3906,0,91,0,-392331,110,28,0,
-87,27,76,3955,0,0,60,0,122,0,66,0,0,0,0,0,0,0,3900,0,91,0,-392869,104,28,0,
-87,27,85,3960,0,0,54,0,144,0,66,0,0,0,0,0,0,0,3900,0,91,0,-393312,108,28,0,
-86,27,76,3965,0,0,68,0,132,0,70,0,0,0,0,0,0,0,3906,0,91,0,-393853,104,28,0,
-87,27,85,3970,0,0,54,0,138,0,72,0,0,0,0,0,0,0,3906,0,91,0,-394294,108,28,0,
-87,27,85,3975,0,0,64,0,118,0,66,0,0,0,0,0,0,0,3900,0,91,0,-394834,110,28,0,
-87,27,76,3980,0,0,48,0,132,0,60,0,0,0,0,0,0,0,3906,0,91,0,-395372,108,28,0,
-87,27,85,3985,0,0,70,0,128,0,68,0,0,0,0,0,0,0,3900,0,91,0,-395818,110,28,0,
-87,27,85,3990,0,0,58,0,128,0,70,0,0,0,0,0,0,0,3900,0,91,0,-396356,110,28,0,
-87,27,85,3995,0,0,72,0,138,0,66,0,0,0,0,0,0,0,3906,0,91,0,-396795,108,28,0,
-86,27,85,4000,0,0,62,0,132,0,68,0,0,0,0,0,0,0,3900,0,91,0,-397336,104,28,0,
-87,27,85,4005,0,0,56,0,142,0,68,0,0,0,0,0,0,0,3906,0,91,0,-397874,110,28,0,
-87,27,85,4010,0,0,60,0,144,0,70,0,0,0,0,0,0,0,3900,0,91,0,-398311,110,28,0,
-87,27,85,4015,0,0,60,0,146,0,66,0,0,0,0,0,0,0,3900,0,91,0,-398753,112,28,0,
-87,27,85,4020,0,0,76,0,130,0,66,0,0,0,0,0,0,0,3900,0,91,0,-399294,110,28,0,
-87,27,85,4025,0,0,56,0,148,0,68,0,0,0,0,0,0,0,3906,0,91,0,-399836,108,28,0,
-87,27,85,4030,0,0,70,0,140,0,64,0,0,0,0,0,0,0,3900,0,91,0,-400274,104,28,0,
-87,27,85,4035,0,0,54,0,142,0,66,0,0,0,0,0,0,0,3900,0,91,0,-400812,108,28,0,
-87,27,76,4045,0,0,56,0,144,0,72,0,0,0,0,0,0,0,3906,0,91,0,-401793,110,28,0,
-87,27,85,4050,0,0,68,0,140,0,66,0,0,0,0,0,0,0,3900,0,91,0,-402334,104,28,0,
-87,27,85,4055,0,0,48,0,142,0,60,0,0,0,0,0,0,0,3900,0,91,0,-402774,106,28,0,
-87,27,85,4060,0,0,66,0,134,0,60,0,0,0,0,0,0,0,3900,0,91,0,-403312,108,28,0,
-87,27,85,4065,0,0,60,0,146,0,72,0,0,0,0,0,0,0,3906,0,91,0,-403750,106,28,0,
-87,27,85,4070,0,0,64,0,144,0,68,0,0,0,0,0,0,0,3900,0,91,0,-404291,102,28,0,
-87,27,85,4075,0,0,74,33280,0,16896,0,0,0,0,0,0,0,60,15,23296,0,-97,1761606098,7168,0,192,
-87,27,85,4080,0,0,56,0,148,0,68,0,0,0,0,0,0,0,3900,0,91,0,-405276,104,28,0,
-87,27,85,4085,0,0,70,0,118,0,60,0,0,0,0,0,0,0,3906,0,91,0,-405817,106,28,0,
-87,27,67,4090,0,0,58,0,144,0,68,0,0,0,0,0,0,0,3906,0,91,0,-406257,108,28,0,
-86,27,85,4095,0,0,72,0,130,0,64,0,0,0,0,0,0,0,3906,0,91,0,-406795,106,28,0,
-87,27,85,4100,0,0,58,0,142,0,72,0,0,0,0,0,0,0,3906,0,91,0,-407235,110,28,0,
-87,27,85,4105,0,0,72,0,138,0,70,0,0,0,0,0,0,0,3900,0,91,0,-407776,112,28,0,
-87,27,85,4110,0,0,50,0,142,0,62,0,0,0,0,0,0,0,3900,0,91,0,-408214,108,28,0,
-87,27,85,4115,0,0,72,0,128,0,62,0,0,0,0,0,0,0,3900,0,91,0,-408751,110,28,0,
-87,27,76,4120,0,0,60,0,146,0,72,0,0,0,0,0,0,0,3906,0,91,0,-409189,112,28,0,
-87,27,85,4125,0,0,64,0,144,0,68,0,0,0,0,0,0,0,3900,0,91,0,-409732,108,28,0,
-87,27,85,4130,0,0,74,0,140,0,68,0,0,0,0,0,0,0,3900,0,91,0,-410275,108,28,0,
-87,27,85,4135,0,0,54,0,140,0,60,0,0,0,0,0,0,0,3900,0,91,0,-410718,110,28,0,
-87,27,85,4140,0,0,72,0,118,0,60,0,0,0,0,0,0,0,3906,0,91,0,-411259,106,28,0,
-87,27,76,4145,0,0,60,0,144,0,68,0,0,0,0,0,0,0,3900,0,91,0,-411700,108,28,0,
-87,27,76,4150,0,0,78,0,130,0,64,0,0,0,0,0,0,0,3900,0,91,0,-412240,110,28,0,
-87,27,85,4155,0,0,58,0,144,0,72,0,0,0,0,0,0,0,3900,0,91,0,-412679,108,28,0,
-87,27,85,4160,0,0,70,0,138,0,70,0,0,0,0,0,0,0,3900,0,91,0,-413218,108,28,0,
-87,27,85,4165,0,0,56,0,142,0,66,0,0,0,0,0,0,0,3900,0,91,0,-413658,108,28,0,
-87,27,85,4170,0,0,72,0,130,0,64,0,0,0,0,0,0,0,3900,0,91,0,-414196,108,28,0,
-87,27,85,4175,0,0,58,0,144,0,70,0,0,0,0,0,0,0,3900,0,91,0,-414634,110,28,0,
-87,27,85,4180,0,0,68,0,138,0,68,0,0,0,0,0,0,0,3900,0,91,0,-415178,108,28,0,
-87,27,85,4185,0,0,72,0,138,0,66,0,0,0,0,0,0,0,3900,0,91,0,-415719,108,28,0,
-87,27,76,4190,0,0,54,0,142,0,58,0,0,0,0,0,0,0,3900,0,91,0,-416162,108,28,0,
-87,27,85,4195,0,0,72,0,120,0,66,0,0,0,0,0,0,0,3900,0,91,0,-416703,108,28,0,
-87,27,85,4200,0,0,60,0,146,0,68,0,0,0,0,0,0,0,3900,0,91,0,-417143,104,28,0,
-87,27,85,4205,0,0,76,0,128,0,64,0,0,0,0,0,0,0,3900,0,91,0,-417682,110,28,0,
-87,27,85,4210,0,0,56,0,148,0,68,0,0,0,0,0,0,0,3900,0,91,0,-418220,110,28,0,
-87,27,85,4215,0,0,70,0,138,0,64,0,0,0,0,0,0,0,3900,0,91,0,-418661,106,28,0,
-87,27,85,4220,0,0,54,0,142,0,64,0,0,0,0,0,0,0,3900,0,91,0,-419201,104,28,0,
-87,27,85,4225,0,0,72,0,128,0,66,0,0,0,0,0,0,0,3900,0,91,0,-419639,110,28,0,
-87,27,76,4230,0,0,54,0,144,0,72,0,0,0,0,0,0,0,3900,0,91,0,-420179,106,28,0,
-87,27,85,4235,0,0,66,0,138,0,66,0,0,0,0,0,0,0,3900,0,91,0,-420724,110,28,0,
-87,27,85,4240,0,0,66,0,118,0,64,0,0,0,0,0,0,0,3900,0,91,0,-421162,108,28,0,
-87,27,85,4245,0,0,64,0,132,0,60,0,0,0,0,0,0,0,3906,0,91,0,-421703,106,28,0,
-87,27,67,4250,0,0,70,0,130,0,66,0,0,0,0,0,0,0,3900,0,91,0,-422144,112,28,0,
-87,27,85,4255,0,0,62,0,144,0,66,0,0,0,0,0,0,0,3900,0,91,0,-422683,108,28,0,
-86,27,85,4260,0,0,74,0,130,0,64,0,0,0,0,0,0,0,3900,0,91,0,-423223,104,28,0,
-87,27,85,4265,0,0,58,0,146,0,68,0,0,0,0,0,0,0,3900,0,91,0,-423661,104,28,0,
-87,27,76,4270,0,0,70,0,120,0,60,0,0,0,0,0,0,0,3900,0,91,0,-424204,108,28,0,
-87,27,85,4275,0,0,58,0,144,0,68,0,0,0,0,0,0,0,3900,0,91,0,-424644,108,28,0,
-87,27,85,4280,0,0,72,0,132,0,64,0,0,0,0,0,0,0,3906,0,91,0,-425185,104,28,0,
-87,27,76,4285,0,0,58,0,142,0,72,0,0,0,0,0,0,0,3906,0,91,0,-425626,108,28,0,
-87,27,76,4290,0,0,72,0,138,0,70,0,0,0,0,0,0,0,3900,0,91,0,-426167,110,28,0,
-87,27,85,4300,0,0,72,0,128,0,64,0,0,0,0,0,0,0,3900,0,91,0,-427145,106,28,0,
-87,27,85,4305,0,0,70,0,128,0,70,0,0,0,0,0,0,0,3900,0,91,0,-427683,106,28,0,
-87,27,85,4310,0,0,64,0,144,0,66,0,0,0,0,0,0,0,3900,0,91,0,-428123,108,28,0,
-87,27,85,4315,0,0,72,0,138,0,66,0,0,0,0,0,0,0,3900,0,91,0,-428665,108,28,0,
-87,27,85,4320,0,0,54,0,140,0,58,0,0,0,0,0,0,0,3900,0,91,0,-429103,110,28,0,
-86,27,85,4325,0,0,72,0,116,0,58,0,0,0,0,0,0,0,3900,0,91,0,-429649,104,28,0,
-87,27,85,4330,0,0,58,0,144,0,68,0,0,0,0,0,0,0,3900,0,91,0,-430087,104,28,0,
-87,27,85,4335,0,0,78,0,128,0,64,0,0,0,0,0,0,0,3900,0,91,0,-430625,112,28,0,
-87,27,85,4340,0,0,56,0,142,0,72,0,0,0,0,0,0,0,3900,0,91,0,-431064,110,28,0,
-87,27,76,4345,0,0,70,0,138,0,68,0,0,0,0,0,0,0,3900,0,91,0,-431607,112,28,0,
-86,27,85,4350,0,0,58,0,118,0,64,0,0,0,0,0,0,0,3900,0,91,0,-432148,106,28,0,
-87,27,85,4355,0,0,72,0,130,0,64,0,0,0,0,0,0,0,3900,0,91,0,-432586,108,28,0,
-87,27,85,4360,0,0,72,0,128,0,70,0,0,0,0,0,0,0,3900,0,91,0,-433124,106,28,0,
-87,27,76,4365,0,0,66,0,138,0,66,0,0,0,0,0,0,0,3900,0,91,0,-433565,110,28,0,
-87,27,76,4370,0,0,74,0,138,0,66,0,0,0,0,0,0,0,3900,0,91,0,-434105,108,28,0,
-87,27,67,4375,0,0,54,0,140,0,60,0,0,0,0,0,0,0,3900,0,91,0,-434544,108,28,0,
-87,27,85,4380,0,0,72,0,120,0,66,0,0,0,0,0,0,0,3900,0,91,0,-435090,110,28,0,
-87,27,85,4385,0,0,60,0,146,0,68,0,0,0,0,0,0,0,3900,0,91,0,-435531,102,28,0,
-86,27,85,4390,0,0,78,0,130,0,64,0,0,0,0,0,0,0,3900,0,91,0,-436072,106,28,0,
-87,27,76,4395,0,0,66,0,134,0,70,0,0,0,0,0,0,0,3900,0,91,0,-436611,108,28,0,
-87,27,76,4400,0,0,72,0,138,0,64,0,0,0,0,0,0,0,3900,0,91,0,-437049,108,28,0,
-87,27,85,4405,0,0,58,0,120,0,66,0,0,0,0,0,0,0,3900,0,91,0,-437586,104,28,0,
-87,27,85,4410,0,0,72,0,132,0,66,0,0,0,0,0,0,0,3900,0,91,0,-438024,106,28,0,
-87,27,85,4415,0,0,68,0,130,0,70,0,0,0,0,0,0,0,3900,0,91,0,-438565,110,28,0,
-87,27,85,4420,0,0,66,0,138,0,66,0,0,0,0,0,0,0,3900,0,91,0,-439103,110,28,0,
-87,27,85,4425,0,0,66,0,118,0,66,0,0,0,0,0,0,0,3900,0,91,0,-439544,110,28,0,
-87,27,76,4430,0,0,64,0,134,0,60,0,0,0,0,0,0,0,3900,0,91,0,-440082,108,28,0,
-87,27,76,4435,0,0,72,0,132,0,64,0,0,0,0,0,0,0,3900,0,91,0,-440523,106,28,0,
-87,27,85,4440,0,0,64,0,144,0,68,0,0,0,0,0,0,0,3900,0,91,0,-441062,106,28,0,
-87,27,85,4445,0,0,74,0,132,0,64,0,0,0,0,0,0,0,3900,0,91,0,-441603,104,28,0,
-87,27,85,4450,0,0,68,0,130,0,68,0,0,0,0,0,0,0,3900,0,91,0,-442043,104,28,0,
-87,27,76,4455,0,0,72,0,118,0,60,0,0,0,0,0,0,0,3900,0,91,0,-442581,106,28,0,
-87,27,85,4460,0,0,60,0,122,0,68,0,0,0,0,0,0,0,3900,0,91,0,-443022,100,28,0,
-87,27,85,4470,0,0,68,0,132,0,70,0,0,0,0,0,0,0,3900,0,91,0,-444098,108,28,0,
-87,27,85,4475,0,0,70,0,138,0,68,0,0,0,0,0,0,0,3900,0,91,0,-444536,108,28,0,
-87,27,76,4480,0,0,64,0,118,0,66,0,0,0,0,0,0,0,3900,0,91,0,-445080,104,28,0,
-87,27,76,4485,0,0,72,0,130,0,62,0,0,0,0,0,0,0,3900,0,91,0,-445518,102,28,0,
-87,27,76,4490,0,0,70,0,130,0,70,0,0,0,0,0,0,0,3900,0,91,0,-446059,110,28,0,
-87,27,85,4495,0,0,64,0,144,0,68,0,0,0,0,0,0,0,3900,0,91,0,-446497,106,28,0,
-87,27,85,4500,0,0,74,0,138,0,66,0,0,0,0,0,0,0,3900,0,91,0,-447038,106,28,0,
-87,27,76,4505,0,0,62,0,132,0,70,0,0,0,0,0,0,0,3900,0,91,0,-447579,106,28,0,
-86,27,76,4510,0,0,72,0,120,0,60,0,0,0,0,0,0,0,3900,0,91,0,-448017,106,28,0,
-87,27,85,4515,0,0,62,0,126,0,68,0,0,0,0,0,0,0,3900,0,91,0,-448557,110,28,0,
-87,27,76,4520,0,0,76,0,128,0,64,0,0,0,0,0,0,0,3900,0,91,0,-448994,108,28,0,
-87,27,85,4525,0,0,68,0,132,0,70,0,0,0,0,0,0,0,3900,0,91,0,-449537,112,28,0,
-87,27,85,4530,0,0,72,0,138,0,68,0,0,0,0,0,0,0,3900,0,91,0,-449975,108,28,0,
-87,27,85,4535,0,0,58,0,118,0,64,0,0,0,0,0,0,0,3900,0,91,0,-450516,108,28,0,
-87,27,85,4540,0,0,72,0,128,0,62,0,0,0,0,0,0,0,3900,0,91,0,-450955,110,28,0,
-87,27,85,4545,0,0,72,0,130,0,70,0,0,0,0,0,0,0,3900,0,91,0,-451498,108,28,0,
-87,27,85,4550,0,0,68,0,138,0,68,0,0,0,0,0,0,0,3900,0,91,0,-451938,108,28,0,
-87,27,85,4555,0,0,72,0,140,0,68,0,0,0,0,0,0,0,3900,0,91,0,-452476,108,28,0,
-87,27,67,4560,0,0,64,0,132,0,68,0,0,0,0,0,0,0,3900,0,91,0,-453017,108,28,0,
-87,27,85,4565,0,0,72,0,130,0,66,0,0,0,0,0,0,0,3900,0,91,0,-453457,112,28,0,
-87,27,85,4570,0,0,62,0,126,0,68,0,0,0,0,0,0,0,3900,0,91,0,-453995,108,28,0,
-87,27,85,4575,0,0,76,0,128,0,64,0,0,0,0,0,0,0,3900,0,91,0,-454433,108,28,0,
-87,27,85,4585,0,0,70,0,138,0,64,0,0,0,0,0,0,0,3900,0,91,0,-455416,104,28,0,
-87,27,76,4590,0,0,58,0,120,0,66,0,0,0,0,0,0,0,3900,0,91,0,-455956,110,28,0,
-87,27,76,4595,0,0,72,0,130,0,64,0,0,0,0,0,0,0,3900,0,91,0,-456397,110,28,0,
-87,27,85,4600,0,0,70,0,130,0,70,0,0,0,0,0,0,0,3900,0,91,0,-456941,108,28,0,
-87,28,85,4605,0,0,68,0,138,0,68,0,0,0,0,0,0,0,3900,0,91,0,-457479,108,28,0,
-87,28,85,4610,0,0,66,0,120,0,68,0,0,0,0,0,0,0,3900,0,91,0,-457920,110,28,0,
-87,27,85,4615,0,0,50,0,122,0,64,0,0,0,0,0,0,0,3900,0,91,0,-458460,108,28,0,
-87,27,76,4620,0,0,72,0,130,0,64,0,0,0,0,0,0,0,3900,0,91,0,-458898,108,28,0,
-87,27,67,4625,0,0,58,0,128,0,72,0,0,0,0,0,0,0,3900,0,91,0,-459435,104,28,0,
-87,27,67,4630,0,0,74,0,130,0,64,0,0,0,0,0,0,0,3900,0,91,0,-459974,106,28,0,
-87,28,76,4635,0,0,66,0,132,0,72,0,0,0,0,0,0,0,3900,0,91,0,-460417,104,28,0,
-87,28,76,4640,0,0,72,0,118,0,60,0,0,0,0,0,0,0,3900,0,91,0,-460958,110,28,0,
-87,28,85,4645,0,0,60,0,122,0,66,0,0,0,0,0,0,0,3900,0,91,0,-461399,102,28,0,
-87,28,85,4650,0,0,72,0,132,0,66,0,0,0,0,0,0,0,3900,0,91,0,-461936,106,28,0,
-87,28,85,4655,0,0,68,0,132,0,70,0,0,0,0,0,0,0,3900,0,91,0,-462476,112,28,0,
-87,28,85,4660,0,0,70,0,140,0,68,0,0,0,0,0,0,0,3900,0,91,0,-462913,110,28,0,
-87,28,85,4665,0,0,66,0,120,0,66,0,0,0,0,0,0,0,3900,0,91,0,-463451,106,28,0,
-87,28,76,4670,0,0,50,0,132,0,62,0,0,0,0,0,0,0,3900,0,91,0,-463892,106,28,0,
-87,28,76,4675,0,0,72,0,130,0,70,0,0,0,0,0,0,0,3900,0,91,0,-464430,108,28,0,
-87,28,76,4680,0,0,58,0,128,0,70,0,0,0,0,0,0,0,3900,0,91,0,-464970,110,28,0,
-87,28,85,4685,0,0,72,0,138,0,66,0,0,0,0,0,0,0,3900,0,91,0,-465410,108,28,0,
-87,28,85,4690,0,0,62,0,132,0,68,0,0,0,0,0,0,0,3900,0,91,0,-465950,106,28,0,
-87,28,85,4695,0,0,70,0,118,0,60,0,0,0,0,0,0,0,3900,0,91,0,-466388,106,28,0,
-87,28,85,4700,0,0,62,0,126,0,68,0,0,0,0,0,0,0,3900,0,91,0,-466929,110,28,0,
-87,28,76,4705,0,0,78,0,130,0,66,0,0,0,0,0,0,0,3900,0,91,0,-467367,110,28,0,
-87,28,85,4710,0,0,70,0,132,0,70,0,0,0,0,0,0,0,3900,0,91,0,-467910,108,28,0,
-87,28,85,4715,0,0,70,0,138,0,68,0,0,0,0,0,0,0,3900,0,91,0,-468350,110,28,0,
-87,28,85,4720,0,0,58,0,120,0,66,0,0,0,0,0,0,0,3900,0,91,0,-468887,108,28,0,
-87,28,85,4725,0,0,50,0,132,0,62,0,0,0,0,0,0,0,3900,0,91,0,-469430,108,28,0,
-87,28,85,4730,0,0,70,0,130,0,70,0,0,0,0,0,0,0,3900,0,91,0,-469870,110,28,0,
-87,28,85,4735,0,0,60,0,132,0,72,0,0,0,0,0,0,0,3900,0,91,0,-470408,108,28,0,
-87,28,76,4740,0,0,72,0,140,0,66,0,0,0,0,0,0,0,3900,0,91,0,-470846,108,28,0,
-87,28,85,4745,0,0,62,0,132,0,68,0,0,0,0,0,0,0,3900,0,91,0,-471386,104,28,0,
-87,28,85,4750,0,0,72,0,132,0,66,0,0,0,0,0,0,0,3900,0,91,0,-471827,110,28,0,
-87,28,76,4755,0,0,60,0,126,0,68,0,0,0,0,0,0,0,3900,0,91,0,-472370,106,28,0,
-87,28,85,4760,0,0,78,0,130,0,66,0,0,0,0,0,0,0,3900,0,91,0,-472808,110,28,0,
-86,28,67,4765,0,0,68,0,132,0,70,0,0,0,0,0,0,0,3900,0,91,0,-473346,106,28,0,
-87,28,85,4770,0,0,70,0,138,0,64,0,0,0,0,0,0,0,3900,0,91,0,-473785,106,28,0,
-87,28,76,4775,0,0,58,0,120,0,66,0,0,0,0,0,0,0,3900,0,91,0,-474326,104,28,0,
-87,28,85,4780,0,0,54,0,144,0,66,0,0,0,0,0,0,0,3900,0,91,0,-474870,104,28,0,
-87,28,85,4785,0,0,70,0,132,0,70,0,0,0,0,0,0,0,3900,0,91,0,-475308,104,28,0,
-87,27,76,4790,0,0,60,0,132,0,72,0,0,0,0,0,0,0,3900,0,91,0,-475846,108,28,0,
-87,27,85,4795,0,0,66,0,118,0,66,0,0,0,0,0,0,0,3900,0,91,0,-476284,108,28,0,
-87,28,85,4800,0,0,48,0,122,0,64,0,0,0,0,0,0,0,3900,0,91,0,-476824,110,28,0,
-87,28,85,4805,0,0,72,0,120,0,66,0,0,0,0,0,0,0,3900,0,91,0,-477265,108,28,0,
-87,28,85,4810,0,0,60,0,128,0,70,0,0,0,0,0,0,0,3900,0,91,0,-477808,108,28,0,
-87,28,48,4815,0,0,74,0,130,0,64,0,0,0,0,0,0,0,3900,0,91,0,-478349,104,28,0,
-87,28,85,4820,0,0,68,0,132,0,68,0,0,0,0,0,0,0,3900,0,91,0,-478787,106,28,0,
-87,28,76,4825,0,0,72,0,118,0,60,0,0,0,0,0,0,0,3900,0,91,0,-479325,106,28,0,
-87,28,76,4830,0,0,60,0,124,0,68,0,0,0,0,0,0,0,3900,0,91,0,-479764,106,28,0,
-87,28,85,4835,0,0,56,0,146,0,66,0,0,0,0,0,0,0,3900,0,91,0,-480305,110,28,0,
-87,28,76,4840,0,0,68,0,130,0,70,0,0,0,0,0,0,0,3900,0,91,0,-480845,104,28,0,
-86,28,76,4845,0,0,56,0,140,0,72,0,0,0,0,0,0,0,3900,0,91,0,-481284,104,28,0,
-87,28,85,4850,0,0,64,0,118,0,66,0,0,0,0,0,0,0,3900,0,91,0,-481830,102,28,0,
-87,28,85,4855,0,0,50,0,132,0,60,0,0,0,0,0,0,0,3900,0,91,0,-482268,108,28,0,
-87,28,85,4860,0,0,70,0,130,0,68,0,0,0,0,0,0,0,3900,0,91,0,-482806,108,28,0,
-87,28,85,4865,0,0,58,0,128,0,70,0,0,0,0,0,0,0,3900,0,91,0,-483349,110,28,0,
-87,28,85,4870,0,0,72,0,140,0,66,0,0,0,0,0,0,0,3900,0,91,0,-483790,108,28,0,
-87,28,85,4875,0,0,62,0,130,0,68,0,0,0,0,0,0,0,3900,0,91,0,-484330,104,28,0,
-87,28,85,4880,0,0,70,0,116,0,60,0,0,0,0,0,0,0,3900,0,91,0,-484768,106,28,0,
-87,28,85,4885,0,0,60,0,126,0,68,0,0,0,0,0,0,0,3900,0,91,0,-485306,108,28,0,
-87,28,67,4890,0,0,58,0,146,0,68,0,0,0,0,0,0,0,3900,0,91,0,-485849,108,28,0,
-87,28,85,4895,0,0,68,0,128,0,70,0,0,0,0,0,0,0,3900,0,91,0,-486286,108,28,0,
-87,28,85,4900,0,0,58,0,144,0,70,0,0,0,0,0,0,0,3900,0,91,0,-486824,106,28,0,
-87,28,76,4905,0,0,58,0,118,0,66,0,0,0,0,0,0,0,3900,0,91,0,-487265,108,28,0,
-87,28,85,4910,0,0,50,0,132,0,60,0,0,0,0,0,0,0,3900,0,91,0,-487804,108,28,0,
-87,28,85,4915,0,0,72,0,130,0,70,0,0,0,0,0,0,0,3900,0,91,0,-488244,108,28,0,
-87,28,85,4920,0,0,60,0,132,0,70,0,0,0,0,0,0,0,3900,0,91,0,-488787,108,28,0,
-87,28,76,4925,0,0,72,0,140,0,66,0,0,0,0,0,0,0,3900,0,91,0,-489228,108,28,0,
-87,27,85,4930,0,0,62,0,130,0,70,0,0,0,0,0,0,0,3900,0,91,0,-489768,112,28,0,
-85,28,85,4935,0,0,70,0,118,0,66,0,0,0,0,0,0,0,3900,0,91,0,-490206,108,28,0,
-87,28,85,4940,0,0,62,0,126,0,70,0,0,0,0,0,0,0,3900,0,91,0,-490746,112,28,0,
-87,28,85,4945,0,0,58,0,144,0,68,0,0,0,0,0,0,0,3900,0,91,0,-491286,106,28,0,
-87,28,85,4950,0,0,68,0,132,0,68,0,0,0,0,0,0,0,3906,0,91,0,-491726,106,28,0,
-87,28,85,4955,0,0,58,0,144,0,72,0,0,0,0,0,0,0,3900,0,91,0,-492264,106,28,0,
-87,28,76,4960,0,0,58,0,118,0,64,0,0,0,0,0,0,0,3900,0,91,0,-492703,104,28,0,
-87,28,85,4965,0,0,54,0,144,0,66,0,0,0,0,0,0,0,3900,0,91,0,-493241,108,28,0,
-87,28,85,4970,0,0,70,0,132,0,70,0,0,0,0,0,0,0,3900,0,91,0,-493679,110,28,0,
-86,28,85,4975,0,0,60,0,132,0,72,0,0,0,0,0,0,0,3900,0,91,0,-494222,108,28,0,
-87,28,85,4980,0,0,64,0,118,0,66,0,0,0,0,0,0,0,3900,0,91,0,-494662,106,28,0,
-87,28,85,4985,0,0,50,0,122,0,64,0,0,0,0,0,0,0,3895,0,91,0,-495201,112,28,0,
-87,28,85,4990,0,0,72,0,130,0,66,0,0,0,0,0,0,0,3900,0,91,0,-495639,110,28,0,
-87,28,85,5000,0,0,60,0,144,0,68,0,0,0,0,0,0,0,3900,0,91,0,-496721,110,28,0,
-87,28,85,5005,0,0,68,0,132,0,70,0,0,0,0,0,0,0,3900,0,91,0,-497161,104,28,0,
-87,28,76,5010,0,0,56,0,142,0,68,0,0,0,0,0,0,0,3900,0,91,0,-497698,108,28,0,
-87,28,85,5015,0,0,60,0,124,0,66,0,0,0,0,0,0,0,3900,0,91,0,-498137,106,28,0,
-87,28,85,5020,0,0,56,0,146,0,64,0,0,0,0,0,0,0,3900,0,91,0,-498677,110,28,0,
-87,28,85,5025,0,0,68,0,130,0,70,0,0,0,0,0,0,0,3900,0,91,0,-499218,106,28,0,
-87,28,85,5030,0,0,56,0,142,0,74,0,0,0,0,0,0,0,3900,0,91,0,-499662,108,28,0,
-87,28,67,5035,0,0,66,0,118,0,66,0,0,0,0,0,0,0,3900,0,91,0,-500199,106,28,0,
-87,28,85,5040,0,0,50,0,132,0,62,0,0,0,0,0,0,0,3900,0,91,0,-500637,110,28,0,
-87,28,76,5045,0,0,72,0,130,0,70,0,0,0,0,0,0,0,3900,0,91,0,-501175,110,28,0,
-87,28,85,5050,0,0,60,0,130,0,70,0,0,0,0,0,0,0,3900,0,91,0,-501716,106,28,0,
-87,27,76,5055,0,0,64,0,142,0,68,0,0,0,0,0,0,0,3900,0,91,0,-502159,110,28,0,
-87,27,85,5060,0,0,62,0,132,0,68,0,0,0,0,0,0,0,3900,0,91,0,-502697,108,28,0,
-87,28,85,5065,0,0,56,0,142,0,68,0,0,0,0,0,0,0,3900,0,91,0,-503135,112,28,0,
-87,28,85,5070,0,0,62,0,126,0,70,0,0,0,0,0,0,0,3900,0,91,0,-503673,112,28,0,
-87,28,76,5075,0,0,58,0,146,0,68,0,0,0,0,0,0,0,3900,0,91,0,-504212,108,28,0,
-87,28,85,5080,0,0,68,0,130,0,70,0,0,0,0,0,0,0,3900,0,91,0,-504650,106,28,0,
-87,27,85,5085,0,0,56,0,144,0,72,0,0,0,0,0,0,0,3900,0,91,0,-505194,106,28,0,
-87,27,76,5090,0,0,58,0,120,0,64,0,0,0,0,0,0,0,3900,0,91,0,-505634,106,28,0,
-87,28,85,5095,0,0,50,0,132,0,62,0,0,0,0,0,0,0,3900,0,91,0,-506175,106,28,0,
-87,27,76,5100,0,0,64,0,144,0,68,0,0,0,0,0,0,0,3900,0,91,0,-506713,110,28,0,
-87,27,85,5105,0,0,60,0,134,0,72,0,0,0,0,0,0,0,3900,0,91,0,-507150,106,28,0,
-87,27,85,5110,0,0,64,0,142,0,68,0,0,0,0,0,0,0,3900,0,91,0,-507691,106,28,0,
-87,28,85,5115,0,0,62,0,132,0,68,0,0,0,0,0,0,0,3900,0,91,0,-508128,108,28,0,
-87,27,76,5120,0,0,56,0,144,0,60,0,0,0,0,0,0,0,3900,0,91,0,-508671,104,28,0,
-87,27,85,5125,0,0,62,0,128,0,70,0,0,0,0,0,0,0,3900,0,91,0,-509109,106,28,0,
-87,27,85,5130,0,0,56,0,144,0,68,0,0,0,0,0,0,0,3900,0,91,0,-509647,104,28,0,
-87,27,76,5135,0,0,68,0,132,0,70,0,0,0,0,0,0,0,3900,0,91,0,-510086,106,28,0,
-87,27,76,5140,0,0,60,0,144,0,72,0,0,0,0,0,0,0,3900,0,91,0,-510625,108,28,0,
-87,28,85,5145,0,0,58,0,120,0,66,0,0,0,0,0,0,0,3895,0,91,0,-511063,104,28,0,
-87,27,85,5150,0,0,54,0,146,0,66,0,0,0,0,0,0,0,3900,0,91,0,-511601,108,28,0,
-87,28,85,5155,0,0,72,0,144,0,68,0,0,0,0,0,0,0,3900,0,91,0,-512141,106,28,0,
-87,27,76,5160,0,0,60,0,132,0,72,0,0,0,0,0,0,0,3900,0,91,0,-512580,106,28,0,
-87,27,76,5165,0,0,66,0,146,0,66,0,0,0,0,0,0,0,3900,0,91,0,-513123,110,28,0,
-87,27,85,5170,0,0,48,0,122,0,62,0,0,0,0,0,0,0,3900,0,91,0,-513564,110,28,0,
-87,27,76,5175,0,0,54,0,142,0,58,0,0,0,0,0,0,0,3900,0,91,0,-514104,108,28,0,
-87,27,85,5180,0,0,58,0,128,0,70,0,0,0,0,0,0,0,3900,0,91,0,-514542,110,28,0,
-87,28,85,5185,0,0,60,0,142,0,68,0,0,0,0,0,0,0,3895,0,91,0,-515079,106,28,0,
-87,27,85,5190,0,0,68,0,132,0,70,0,0,0,0,0,0,0,3900,0,91,0,-515521,104,28,0,
-87,27,85,5195,0,0,56,0,142,0,68,0,0,0,0,0,0,0,3900,0,91,0,-516062,108,28,0,
-87,27,85,5200,0,0,60,0,124,0,66,0,0,0,0,0,0,0,3900,0,91,0,-516503,102,28,0,
-87,27,76,5205,0,0,54,0,146,0,66,0,0,0,0,0,0,0,3900,0,91,0,-517044,108,28,0,
-87,27,85,5210,0,0,72,0,144,0,68,0,0,0,0,0,0,0,3900,0,91,0,-517584,112,28,0,
-87,27,85,5215,0,0,56,0,140,0,70,0,0,0,0,0,0,0,3900,0,91,0,-518025,104,28,0,
-87,27,76,5220,0,0,68,0,148,0,68,0,0,0,0,0,0,0,3895,0,91,0,-518567,110,28,0,
-87,28,85,5225,0,0,50,0,132,0,60,0,0,0,0,0,0,0,3900,0,91,0,-519009,108,28,0,
-87,27,85,5230,0,0,66,0,144,0,68,0,0,0,0,0,0,0,3900,0,91,0,-519550,110,28,0,
-87,27,85,5235,0,0,58,0,128,0,70,0,0,0,0,0,0,0,3900,0,91,0,-520090,108,28,0,
-87,27,85,5240,0,0,64,0,144,0,68,0,0,0,0,0,0,0,3900,0,91,0,-520531,106,28,0,
-87,28,85,5245,0,0,64,0,132,0,68,0,0,0,0,0,0,0,3900,0,91,0,-521074,106,28,0,
-87,27,85,5250,0,0,56,0,142,0,68,0,0,0,0,0,0,0,3900,0,91,0,-521515,110,28,0,
-87,27,85,5255,0,0,62,0,124,0,70,0,0,0,0,0,0,0,3900,0,91,0,-522055,110,28,0,
-87,27,85,5260,0,0,58,0,146,0,68,0,0,0,0,0,0,0,3895,0,91,0,-522601,110,28,0,
-87,28,85,5265,0,0,72,0,146,0,68,0,0,0,0,0,0,0,3900,0,91,0,-523041,106,28,0,
-87,27,76,5270,0,0,58,0,144,0,72,0,0,0,0,0,0,0,3900,0,91,0,-523582,106,28,0,
-87,27,85,5275,0,0,70,0,140,0,60,0,0,0,0,0,0,0,3900,0,91,0,-524026,110,28,0,
-87,28,85,5280,0,0,50,0,132,0,62,0,0,0,0,0,0,0,3900,0,91,0,-524567,110,28,0,
-87,28,85,5285,0,0,66,0,144,0,68,0,0,0,0,0,0,0,3900,0,90,0,-525108,112,28,0,
-87,27,85,5290,0,0,60,0,132,0,72,0,0,0,0,0,0,0,3900,0,91,0,-525548,108,28,0,
-87,27,85,5295,0,0,64,0,144,0,68,0,0,0,0,0,0,0,3900,0,91,0,-526092,106,28,0,
-87,27,85,5300,0,0,62,0,132,0,68,0,0,0,0,0,0,0,3900,0,91,0,-526535,108,28,0,
-87,27,85,5305,0,0,54,0,144,0,60,0,0,0,0,0,0,0,3900,0,91,0,-527074,106,28,0,
-87,27,67,5310,0,0,72,0,130,0,64,0,0,0,0,0,0,0,3900,0,91,0,-527615,110,28,0,
-87,27,85,5315,0,0,58,0,146,0,68,0,0,0,0,0,0,0,3900,0,91,0,-528053,106,28,0,
-87,27,85,5320,0,0,78,0,138,0,68,0,0,0,0,0,0,0,3900,0,91,0,-528592,108,28,0,
-87,27,85,5325,0,0,58,0,144,0,72,0,0,0,0,0,0,0,3900,0,91,0,-529030,110,28,0,
-87,27,85,5330,0,0,70,0,140,0,58,0,0,0,0,0,0,0,3900,0,91,0,-529568,104,28,0,
-87,27,67,5335,0,0,54,0,144,0,64,0,0,0,0,0,0,0,3895,0,91,0,-530006,108,28,0,
-87,27,85,5340,0,0,72,0,144,0,68,0,0,0,0,0,0,0,3900,0,91,0,-530547,108,28,0,
-87,27,85,5345,0,0,60,0,134,0,72,0,0,0,0,0,0,0,3900,0,91,0,-530991,106,28,0,
-87,28,85,5350,0,0,68,0,146,0,68,0,0,0,0,0,0,0,3900,0,91,0,-531531,114,28,0,
-87,27,85,5355,0,0,50,0,124,0,64,0,0,0,0,0,0,0,3900,0,91,0,-531974,108,28,0,
-87,27,85,5360,0,0,54,0,142,0,60,0,0,0,0,0,0,0,3900,0,91,0,-532515,110,28,0,
-87,27,85,5365,0,0,72,0,132,0,66,0,0,0,0,0,0,0,3900,0,91,0,-533056,106,28,0,
-87,27,85,5370,0,0,60,0,144,0,68,0,0,0,0,0,0,0,3900,0,91,0,-533494,106,28,0,
-87,27,85,5375,0,0,78,0,140,0,68,0,0,0,0,0,0,0,3895,0,91,0,-534032,110,28,0,
-87,27,85,5380,0,0,56,0,144,0,68,0,0,0,0,0,0,0,3895,0,91,0,-534476,110,28,0,
-87,27,85,5385,0,0,70,0,132,0,60,0,0,0,0,0,0,0,3900,0,91,0,-535016,110,28,0,
-87,27,85,5390,0,0,56,0,146,0,66,0,0,0,0,0,0,0,3900,0,91,0,-535457,106,28,0,
-87,27,85,5395,0,0,72,0,144,0,66,0,0,0,0,0,0,0,3895,0,91,0,-535997,112,28,0,
-87,27,85,5400,0,0,56,0,140,0,72,0,0,0,0,0,0,0,3895,0,91,0,-536435,110,28,0,
-87,27,85,5405,0,0,68,0,150,0,68,0,0,0,0,0,0,0,3900,0,91,0,-536973,110,28,0,
-87,27,85,5410,0,0,50,0,136,0,62,0,0,0,0,0,0,0,3895,0,91,0,-537414,106,28,0,
-87,27,85,5415,0,0,66,0,144,0,68,0,0,0,0,0,0,60,15,23296,0,-96,1828714442,7168,0,192,
-87,28,85,5420,0,0,72,0,132,0,66,0,0,0,0,0,0,0,3900,0,91,0,-538492,110,28,0,
-87,27,85,5425,0,0,64,0,144,0,68,0,0,0,0,0,0,0,3900,0,91,0,-538930,106,28,0,
-87,27,85,5430,0,0,76,0,140,0,68,0,0,0,0,0,0,0,3900,0,91,0,-539469,108,28,0,
-87,27,85,5435,0,0,56,0,140,0,68,0,0,0,0,0,0,0,3895,0,91,0,-539908,110,28,0,
-87,27,85,5440,0,0,72,0,130,0,64,0,0,0,0,0,0,0,3895,0,91,0,-540448,108,28,0,
-87,27,85,5445,0,0,58,0,146,0,68,0,0,0,0,0,0,0,3895,0,91,0,-540989,108,28,0,
-87,27,76,5450,0,0,72,0,146,0,68,0,0,0,0,0,0,0,3895,0,91,0,-541432,106,28,0,
-87,27,85,5455,0,0,58,0,144,0,72,0,0,0,0,0,0,0,3895,0,91,0,-541972,110,28,0,
-87,28,85,5460,0,0,70,0,140,0,60,0,0,0,0,0,0,0,3895,0,91,0,-542413,110,28,0,
-87,27,85,5465,0,0,66,0,118,0,60,0,0,0,0,0,0,0,3900,0,91,0,-542959,108,28,0,
-87,28,85,5470,0,0,66,0,142,0,68,0,0,0,0,0,0,0,3895,0,91,0,-543500,108,28,0,
-87,27,85,5475,0,0,70,0,128,0,64,0,0,0,0,0,0,0,3900,0,91,0,-543941,108,28,0,
-87,27,85,5480,0,0,64,0,144,0,68,0,0,0,0,0,0,0,3900,0,91,0,-544479,106,28,0,
-87,27,85,5485,0,0,74,0,138,0,68,0,0,0,0,0,0,0,3900,0,91,0,-544923,108,28,0,
-87,27,85,5490,0,0,54,0,142,0,60,0,0,0,0,0,0,0,3895,0,91,0,-545461,108,28,0,
-87,28,85,5495,0,0,70,0,128,0,62,0,0,0,0,0,0,0,3895,0,91,0,-545999,110,28,0,
-87,27,76,5500,0,0,58,0,144,0,68,0,0,0,0,0,0,0,3895,0,91,0,-546437,112,28,0,
-87,27,76,5505,0,0,76,0,138,0,68,0,0,0,0,0,0,0,3900,0,91,0,-546976,110,28,0,
-87,28,76,5510,0,0,68,0,132,0,70,0,0,0,0,0,0,0,3895,0,91,0,-547417,106,28,0,
-87,28,85,5515,0,0,70,0,138,0,64,0,0,0,0,0,0,0,3895,0,91,0,-547955,104,28,0,
-87,28,85,5520,0,0,60,0,122,0,66,0,0,0,0,0,0,0,3895,0,91,0,-548399,106,28,0,
-87,27,85,5525,0,0,72,0,130,0,66,0,0,0,0,0,0,0,3900,0,91,0,-548940,108,28,0,
-87,28,85,5530,0,0,68,0,128,0,70,0,0,0,0,0,0,0,3900,0,91,0,-549382,104,28,0,
-87,27,76,5535,0,0,70,0,138,0,66,0,0,0,0,0,0,0,3900,0,91,0,-549920,106,28,0,
-87,27,85,5540,0,0,64,0,118,0,66,0,0,0,0,0,0,0,3895,0,91,0,-550464,104,28,0,
-87,27,85,5545,0,0,48,0,122,0,62,0,0,0,0,0,0,0,3900,0,91,0,-550902,110,28,0,
-87,27,85,5550,0,0,72,0,130,0,70,0,0,0,0,0,0,0,3895,0,91,0,-551440,104,28,0,
-87,27,85,5555,0,0,60,0,130,0,70,0,0,0,0,0,0,0,3895,0,91,0,-551881,108,28,0,
-87,27,85,5560,0,0,74,0,130,0,66,0,0,0,0,0,0,0,3895,0,91,0,-552422,108,28,0,
-87,27,85,5565,0,0,62,0,132,0,70,0,0,0,0,0,0,0,3895,0,91,0,-552960,108,28,0,
-87,28,67,5570,0,0,72,0,118,0,60,0,0,0,0,0,0,0,3900,0,91,0,-553397,108,28,0,
-87,28,85,5575,0,0,62,0,124,0,66,0,0,0,0,0,0,0,3895,0,91,0,-553941,108,28,0,
-87,27,85,5580,0,0,78,0,128,0,64,0,0,0,0,0,0,0,3895,0,91,0,-554382,106,28,0,
-87,28,85,5585,0,0,68,0,132,0,70,0,0,0,0,0,0,0,3895,0,91,0,-554925,110,28,0,
-87,27,85,5590,0,0,70,0,138,0,68,0,0,0,0,0,0,0,3900,0,91,0,-555363,108,28,0,
-87,28,85,5595,0,0,58,0,122,0,68,0,0,0,0,0,0,0,3895,0,91,0,-555900,106,28,0,
-87,28,85,5600,0,0,50,0,134,0,62,0,0,0,0,0,0,0,3895,0,91,0,-556442,104,28,0,
-87,27,76,5605,0,0,72,0,130,0,72,0,0,0,0,0,0,0,3895,0,91,0,-556882,108,28,0,
-87,27,85,5610,0,0,60,0,132,0,72,0,0,0,0,0,0,0,3900,0,91,0,-557421,108,28,0,
-87,27,85,5615,0,0,72,0,140,0,68,0,0,0,0,0,0,0,3895,0,91,0,-557859,108,28,0,
-87,27,85,5620,0,0,62,0,132,0,68,0,0,0,0,0,0,0,3895,0,91,0,-558397,108,28,0,
-87,27,76,5625,0,0,72,0,120,0,66,0,0,0,0,0,0,0,3895,0,91,0,-558835,110,28,0,
-87,27,85,5630,0,0,62,0,126,0,70,0,0,0,0,0,0,0,3895,0,91,0,-559377,110,28,0,
-87,28,85,5635,0,0,78,0,128,0,64,0,0,0,0,0,0,0,3895,0,91,0,-559817,110,28,0,
-87,27,76,5640,0,0,68,0,130,0,70,0,0,0,0,0,0,0,3900,0,91,0,-560357,108,28,0,
-86,27,85,5645,0,0,68,0,138,0,64,0,0,0,0,0,0,0,3895,0,91,0,-560798,108,28,0,
-87,27,85,5650,0,0,58,0,118,0,64,0,0,0,0,0,0,0,3900,0,91,0,-561336,108,28,0,
-87,27,85,5655,0,0,54,0,144,0,64,0,0,0,0,0,0,0,3895,0,91,0,-561879,108,28,0,
-87,27,85,5660,0,0,68,0,130,0,68,0,0,0,0,0,0,0,3895,0,91,0,-562317,108,28,0,
-87,27,85,5665,0,0,60,0,132,0,70,0,0,0,0,0,0,0,3895,0,91,0,-562856,108,28,0,
-87,27,85,5670,0,0,72,0,138,0,68,0,0,0,0,0,0,0,3895,0,91,0,-563296,106,28,0,
-87,27,85,5675,0,0,48,0,122,0,64,0,0,0,0,0,0,0,3895,0,91,0,-563834,108,28,0,
-87,27,85,5680,0,0,72,0,120,0,66,0,0,0,0,0,0,0,3900,0,91,0,-564275,108,28,0,
-87,27,85,5685,0,0,62,0,126,0,68,0,0,0,0,0,0,0,3895,0,91,0,-564816,112,28,0,
-87,27,85,5690,0,0,74,0,132,0,66,0,0,0,0,0,0,0,3900,0,91,0,-565254,108,28,0,
-87,27,85,5695,0,0,66,0,132,0,70,0,0,0,0,0,0,0,3895,0,91,0,-565793,108,28,0,
-87,27,85,5700,0,0,68,0,140,0,62,0,0,0,0,0,0,0,3895,0,91,0,-566332,108,28,0,
-87,27,85,5705,0,0,60,0,122,0,68,0,0,0,0,0,0,0,3895,0,91,0,-566773,104,28,0,
-87,27,85,5710,0,0,54,0,144,0,66,0,0,0,0,0,0,0,3895,0,91,0,-567314,108,28,0,
-87,27,85,5715,0,0,70,0,130,0,70,0,0,0,0,0,0,0,3895,0,91,0,-567755,108,28,0,
-87,27,76,5720,0,0,56,0,140,0,72,0,0,0,0,0,0,0,3895,0,91,0,-568295,112,28,0,
-87,27,76,5725,0,0,66,0,118,0,66,0,0,0,0,0,0,0,3895,0,91,0,-568834,108,28,0,
-86,27,85,5730,0,0,50,0,124,0,64,0,0,0,0,0,0,0,3895,0,91,0,-569272,112,28,0,
-87,27,85,5735,0,0,72,0,130,0,70,0,0,0,0,0,0,0,3895,0,91,0,-569810,110,28,0,
-87,28,85,5740,0,0,60,0,130,0,72,0,0,0,0,0,0,0,3895,0,91,0,-570254,110,28,0,
-87,27,85,5745,0,0,76,0,132,0,64,0,0,0,0,0,0,0,3895,0,91,0,-570792,108,28,0,
-87,27,85,5750,0,0,62,0,130,0,68,0,0,0,0,0,0,0,3895,0,91,0,-571331,106,28,0,
-87,27,85,5755,0,0,70,0,120,0,60,0,0,0,0,0,0,0,3895,0,91,0,-571771,106,28,0,
-87,27,85,5760,0,0,60,0,124,0,68,0,0,0,0,0,0,0,3895,0,91,0,-572309,104,28,0,
-87,27,67,5765,0,0,56,0,144,0,66,0,0,0,0,0,0,0,3895,0,91,0,-572750,108,28,0,
-87,27,85,5770,0,0,68,0,130,0,70,0,0,0,0,0,0,0,3895,0,91,0,-573289,110,28,0,
-86,27,85,5775,0,0,54,0,140,0,72,0,0,0,0,0,0,0,3895,0,91,0,-573833,108,28,0,
-86,28,85,5780,0,0,58,0,120,0,64,0,0,0,0,0,0,0,3895,0,91,0,-574273,108,28,0,
-87,27,85,5785,0,0,50,0,132,0,60,0,0,0,0,0,0,0,3900,0,91,0,-574811,108,28,0,
-87,27,85,5790,0,0,72,0,130,0,70,0,0,0,0,0,0,0,3900,0,91,0,-575249,108,28,0,
-87,27,85,5795,0,0,58,0,132,0,72,0,0,0,0,0,0,0,3895,0,91,0,-575790,106,28,0,
-87,27,76,5800,0,0,74,0,140,0,68,0,0,0,0,0,0,0,3900,0,91,0,-576228,110,28,0,
-87,27,85,5805,0,0,62,0,132,0,68,0,0,0,0,0,0,0,3895,0,91,0,-576767,108,28,0,
-87,27,85,5810,0,0,54,0,142,0,60,0,0,0,0,0,0,0,3895,0,91,0,-577307,110,28,0,
-87,27,76,5815,0,0,62,0,126,0,68,0,0,0,0,0,0,0,3895,0,91,0,-577748,112,28,0,
-87,27,85,5820,0,0,58,0,144,0,68,0,0,0,0,0,0,0,3895,0,91,0,-578291,110,28,0,
-87,27,85,5825,0,0,68,0,134,0,70,0,0,0,0,0,0,0,3895,0,91,0,-578729,106,28,0,
-87,27,85,5830,0,0,58,0,144,0,72,0,0,0,0,0,0,0,3895,0,91,0,-579273,106,28,0,
-87,27,85,5835,0,0,58,0,120,0,66,0,0,0,0,0,0,0,3895,0,91,0,-579711,106,28,0,
-87,28,85,5840,0,0,54,0,144,0,66,0,0,0,0,0,0,0,3895,0,91,0,-580252,108,28,0,
-87,27,85,5845,0,0,68,0,130,0,70,0,0,0,0,0,0,0,3895,0,91,0,-580690,108,28,0,
-87,27,67,5855,0,0,72,0,138,0,66,0,0,0,0,0,0,0,3895,0,91,0,-581671,108,28,0,
-87,27,85,5860,0,0,48,0,122,0,64,0,0,0,0,0,0,0,3895,0,91,0,-582210,110,28,0,
-87,27,85,5865,0,0,54,0,142,0,60,0,0,0,0,0,0,0,3895,0,91,0,-582748,106,28,0,
-87,27,76,5870,0,0,62,0,126,0,68,0,0,0,0,0,0,0,3895,0,91,0,-583189,106,28,0,
-87,27,85,5875,0,0,60,0,144,0,68,0,0,0,0,0,0,0,3895,0,91,0,-583730,110,28,0,
-87,27,85,5880,0,0,66,0,130,0,68,0,0,0,0,0,0,0,3895,0,91,0,-584171,108,28,0,
-87,27,76,5885,0,0,58,0,142,0,72,0,0,0,0,0,0,0,3895,0,91,0,-584711,106,28,0,
-87,27,85,5890,0,0,60,0,122,0,66,0,0,0,0,0,0,0,3895,0,91,0,-585150,108,28,0,
-87,27,85,5895,0,0,54,0,146,0,64,0,0,0,0,0,0,0,3895,0,91,0,-585690,108,28,0,
-87,27,85,5900,0,0,68,0,130,0,70,0,0,0,0,0,0,0,3895,0,91,0,-586128,110,28,0,
-87,27,85,5905,0,0,56,0,140,0,72,0,0,0,0,0,0,0,3895,0,91,0,-586670,110,28,0,
-87,27,76,5910,0,0,66,0,118,0,68,0,0,0,0,0,0,0,3895,0,91,0,-587211,112,28,0,
-87,27,85,5915,0,0,48,0,122,0,64,0,0,0,0,0,0,0,3895,0,91,0,-587649,110,28,0,
-87,27,76,5920,0,0,72,0,128,0,70,0,0,0,0,0,0,0,3895,0,91,0,-588189,106,28,0,
-87,27,85,5925,0,0,60,0,128,0,70,0,0,0,0,0,0,0,3895,0,91,0,-588630,110,28,0,
-87,27,85,5930,0,0,60,0,142,0,68,0,0,0,0,0,0,0,3895,0,91,0,-589170,106,28,0,
-87,27,76,5935,0,0,62,0,130,0,70,0,0,0,0,0,0,0,3895,0,91,0,-589711,106,28,0,
-87,27,85,5945,0,0,62,0,124,0,66,0,0,0,0,0,0,0,3900,0,91,0,-590689,104,28,0,
-87,27,76,5950,0,0,58,0,144,0,68,0,0,0,0,0,0,0,3895,0,91,0,-591127,108,28,0,
-87,27,85,5955,0,0,70,0,132,0,72,0,0,0,0,0,0,0,3895,0,91,0,-591665,106,28,0,
-87,27,85,5960,0,0,56,0,140,0,72,0,0,0,0,0,0,0,3895,0,91,0,-592209,102,28,0,
-87,27,76,5965,0,0,58,0,118,0,66,0,0,0,0,0,0,0,3895,0,91,0,-592650,106,28,0,
-87,27,76,5970,0,0,50,0,132,0,60,0,0,0,0,0,0,0,3895,0,91,0,-593188,108,28,0,
-87,27,85,5975,0,0,64,0,144,0,68,0,0,0,0,0,0,0,3895,0,91,0,-593626,110,28,0,
-87,27,85,5980,0,0,60,0,132,0,72,0,0,0,0,0,0,0,3895,0,91,0,-594165,108,28,0,
-87,27,85,5985,0,0,64,0,142,0,68,0,0,0,0,0,0,0,3895,0,91,0,-594708,104,28,0,
-87,27,76,5995,0,0,52,0,142,0,60,0,0,0,0,0,0,0,3895,0,91,0,-595688,106,28,0,
-86,27,76,6000,0,0,62,0,126,0,70,0,0,0,0,0,0,0,3895,0,91,0,-596128,110,28,0,
-87,27,85,6005,0,0,58,0,144,0,68,0,0,0,0,0,0,0,3895,0,91,0,-596666,112,28,0,
-87,27,85,6010,0,0,68,0,132,0,68,0,0,0,0,0,0,0,3895,0,91,0,-597105,108,28,0,
-87,27,76,6015,0,0,56,0,142,0,72,0,0,0,0,0,0,0,3895,0,91,0,-597652,106,28,0,
-87,27,85,6020,0,0,58,0,120,0,64,0,0,0,0,0,0,0,3895,0,91,0,-598091,106,28,0,
-87,27,85,6025,0,0,54,0,146,0,64,0,0,0,0,0,0,0,3895,0,91,0,-598629,110,28,0,
-87,27,85,6030,0,0,72,0,144,0,68,0,0,0,0,0,0,0,3895,0,91,0,-599167,106,28,0,
-86,27,76,6035,0,0,60,0,134,0,72,0,0,0,0,0,0,0,3895,0,91,0,-599605,108,28,0,
-87,27,85,6040,0,0,68,0,148,0,68,0,0,0,0,0,0,0,3895,0,91,0,-600146,110,28,0,
-87,27,85,6045,0,0,48,0,124,0,64,0,0,0,0,0,0,0,3895,0,91,0,-600584,112,28,0,
-87,27,85,6050,0,0,54,0,142,0,58,0,0,0,0,0,0,0,3895,0,91,0,-601128,106,28,0,
-87,27,76,6055,0,0,62,0,126,0,70,0,0,0,0,0,0,0,3895,0,91,0,-601568,108,28,0,
-87,27,76,6060,0,0,62,0,144,0,68,0,0,0,0,0,0,0,3895,0,91,0,-602109,112,28,0,
-87,27,67,6065,0,0,68,0,132,0,70,0,0,0,0,0,0,0,3895,0,91,0,-602550,108,28,0,
-87,27,76,6070,0,0,58,0,144,0,74,0,0,0,0,0,0,0,3895,0,91,0,-603091,110,28,0,
-87,27,85,6075,0,0,60,0,124,0,68,0,0,0,0,0,0,0,3895,0,91,0,-603532,104,28,0,
-87,27,85,6080,0,0,56,0,146,0,66,0,0,0,0,0,0,0,3895,0,91,0,-604073,108,28,0,
-87,27,76,6085,0,0,72,0,144,0,68,0,0,0,0,0,0,0,3895,0,91,0,-604616,106,28,0,
-87,27,76,6090,0,0,56,0,142,0,72,0,0,0,0,0,0,0,3895,0,91,0,-605055,108,28,0,
-87,27,85,6100,0,0,48,0,122,0,64,0,0,0,0,0,0,0,3895,0,91,0,-606035,110,28,0,
-87,27,85,6105,0,0,66,0,144,0,68,0,0,0,0,0,0,0,3895,0,91,0,-606575,106,28,0,
-87,27,85,6110,0,0,60,0,128,0,70,0,0,0,0,0,0,0,3895,0,91,0,-607013,106,28,0,
-87,27,76,6115,0,0,60,0,144,0,68,0,0,0,0,0,0,0,3895,0,91,0,-607552,110,28,0,
-87,27,85,6120,0,0,62,0,130,0,70,0,0,0,0,0,0,0,3895,0,91,0,-608091,106,28,0,
-87,27,85,6125,0,0,56,0,142,0,66,0,0,0,0,0,0,0,3895,0,91,0,-608529,112,28,0,
-87,27,85,6130,0,0,60,0,122,0,68,0,0,0,0,0,0,0,3895,0,91,0,-609067,104,28,0,
-87,27,85,6135,0,0,58,0,144,0,68,0,0,0,0,0,0,0,3895,0,91,0,-609508,112,28,0,
-87,27,85,6140,0,0,72,0,144,0,68,0,0,0,0,0,0,0,3895,0,91,0,-610051,112,28,0,
-87,27,76,6145,0,0,54,0,140,0,70,0,0,0,0,0,0,0,3895,0,91,0,-610589,110,28,0,
-87,27,76,6150,0,0,72,0,142,0,60,0,0,0,0,0,0,0,3895,0,91,0,-611031,106,28,0,
-87,27,85,6155,0,0,50,0,132,0,62,0,0,0,0,0,0,0,3895,0,91,0,-611572,106,28,0,
-87,27,85,6160,0,0,64,0,144,0,68,0,0,0,0,0,0,0,3895,0,91,0,-612013,108,28,0,
-87,27,85,6165,0,0,60,0,132,0,72,0,0,0,0,0,0,0,3895,0,91,0,-612550,108,28,0,
-87,27,85,6170,0,0,64,0,142,0,68,0,0,0,0,0,0,0,3895,0,91,0,-613088,106,28,0,
-87,27,85,6175,0,0,62,0,132,0,70,0,0,0,0,0,0,0,3895,0,91,0,-613531,108,28,0,
-87,27,76,6180,0,0,54,0,144,0,60,0,0,0,0,0,0,0,3895,0,91,0,-614072,110,28,0,
-86,27,85,6185,0,0,62,0,126,0,70,0,0,0,0,0,0,0,3895,0,91,0,-614510,108,28,0,
-87,27,76,6190,0,0,56,0,146,0,68,0,0,0,0,0,0,0,3895,0,91,0,-615049,108,28,0,
-87,27,76,6195,0,0,78,0,138,0,66,0,0,0,0,0,0,0,3895,0,91,0,-615589,110,28,0,
-87,27,85,6200,0,0,58,0,142,0,72,0,0,0,0,0,0,0,3895,0,91,0,-616027,110,28,0,
-87,27,85,6205,0,0,70,0,140,0,60,0,0,0,0,0,0,0,3895,0,91,0,-616568,108,28,0,
-87,27,85,6210,0,0,56,0,144,0,64,0,0,0,0,0,0,0,3895,0,91,0,-617009,106,28,0,
-87,27,85,6215,0,0,74,0,144,0,66,0,0,0,0,0,0,0,3895,0,91,0,-617547,108,28,0,
-87,27,67,6220,0,0,60,0,132,0,70,0,0,0,0,0,0,0,3895,0,91,0,-617985,108,28,0,
-87,27,85,6225,0,0,68,0,146,0,68,0,0,0,0,0,0,0,3895,0,91,0,-618523,110,28,0,
-87,27,85,6230,0,0,48,0,122,0,64,0,0,0,0,0,0,0,3895,0,91,0,-618970,112,28,0,
-87,27,76,6235,0,0,54,0,142,0,58,0,0,0,0,0,0,0,3895,0,91,0,-619508,108,28,0,
-87,27,85,6240,0,0,62,0,126,0,70,0,0,0,0,0,0,0,3895,0,91,0,-619947,108,28,0,
-86,27,76,6245,0,0,60,0,144,0,68,0,0,0,0,0,0,0,3895,0,91,0,-620488,104,28,0,
-87,27,85,6250,0,0,78,0,138,0,66,0,0,0,0,0,0,0,3895,0,91,0,-621029,108,28,0,
-87,27,85,6255,0,0,58,0,144,0,72,0,0,0,0,0,0,0,3895,0,91,0,-621468,106,28,0,
-87,27,85,6260,0,0,70,0,134,0,60,0,0,0,0,0,0,0,3895,0,91,0,-622012,108,28,0,
-87,27,67,6265,0,0,54,0,146,0,66,0,0,0,0,0,0,0,3895,0,91,0,-622453,104,28,0,
-87,27,85,6270,0,0,72,0,146,0,68,0,0,0,0,0,0,0,3895,0,91,0,-622994,106,28,0,
-87,27,85,6275,0,0,54,0,140,0,72,0,0,0,0,0,0,0,3895,0,91,0,-623433,104,28,0,
-87,27,85,6280,0,0,66,0,146,0,68,0,0,0,0,0,0,0,3895,0,91,0,-623970,106,28,0,
-87,27,85,6285,0,0,48,0,122,0,64,0,0,0,0,0,0,0,3895,0,91,0,-624417,108,28,0,
-87,27,85,6290,0,0,66,0,144,0,66,0,0,0,0,0,0,0,3895,0,91,0,-624956,110,28,0,
-87,27,85,6295,0,0,60,0,128,0,72,0,0,0,0,0,0,0,3895,0,91,0,-625394,106,28,0,
-87,27,85,6300,0,0,60,0,144,0,68,0,0,0,0,0,0,0,3895,0,91,0,-625935,102,28,0,
-87,27,85,6305,0,0,74,0,140,0,68,0,0,0,0,0,0,0,3895,0,91,0,-626479,110,28,0,
-87,27,85,6310,0,0,56,0,142,0,68,0,0,0,0,0,0,0,3895,0,91,0,-626918,110,28,0,
-87,27,76,6315,0,0,70,0,132,0,60,0,0,0,0,0,0,0,3895,0,91,0,-627459,108,28,0,
-87,27,76,6320,0,0,58,0,146,0,68,0,0,0,0,0,0,0,3895,0,91,0,-627898,104,28,0,
-87,27,85,6325,0,0,72,0,146,0,68,0,0,0,0,0,0,0,3895,0,91,0,-628439,108,28,0,
-87,27,76,6330,0,0,56,0,140,0,72,0,0,0,0,0,0,0,3895,0,91,0,-628978,108,28,0,
-87,27,85,6335,0,0,70,0,142,0,62,0,0,0,0,0,0,0,3895,0,91,0,-629416,106,28,0,
-87,27,85,6340,0,0,50,0,132,0,62,0,0,0,0,0,0,0,3895,0,91,0,-629959,104,28,0,
-87,27,76,6345,0,0,66,0,144,0,60,0,0,0,0,0,0,0,3895,0,91,0,-630397,112,28,0,
-87,27,85,6350,0,0,60,0,132,0,72,0,0,0,0,0,0,0,3895,0,91,0,-630936,108,28,0,
-87,27,76,6355,0,0,64,0,144,0,70,0,0,0,0,0,0,0,3895,0,91,0,-631476,106,28,0,
-87,27,85,6360,0,0,76,0,138,0,70,0,0,0,0,0,0,0,3895,0,91,0,-631917,108,28,0,
-87,27,85,6365,0,0,52,0,142,0,58,0,0,0,0,0,0,0,3895,0,91,0,-632457,108,28,0,
-87,27,67,6370,0,0,70,0,128,0,62,0,0,0,0,0,0,0,3895,0,91,0,-632898,106,28,0,
-86,27,76,6375,0,0,58,0,146,0,68,0,0,0,0,0,0,0,3895,0,91,0,-633438,108,28,0,
-87,27,85,6380,0,0,76,0,140,0,66,0,0,0,0,0,0,0,3895,0,91,0,-633978,110,28,0,
-87,27,85,6385,0,0,58,0,144,0,72,0,0,0,0,0,0,0,3895,0,91,0,-634419,108,28,0,
-87,27,85,6390,0,0,70,0,140,0,58,0,0,0,0,0,0,0,3895,0,91,0,-634958,108,28,0,
-87,27,76,6395,0,0,54,0,146,0,66,0,0,0,0,0,0,0,3895,0,91,0,-635399,108,28,0,
-87,27,85,6400,0,0,72,0,146,0,68,0,0,0,0,0,0,0,3895,0,91,0,-635937,110,28,0,
-87,27,85,6405,0,0,60,0,132,0,72,0,0,0,0,0,0,0,3895,0,91,0,-636375,108,28,0,
-87,27,85,6410,0,0,68,0,146,0,68,0,0,0,0,0,0,0,3895,0,91,0,-636915,110,28,0,
-87,27,76,6415,0,0,72,0,140,0,64,0,0,0,0,0,0,0,3895,0,91,0,-637454,110,28,0,
-87,27,85,6420,0,0,54,0,142,0,58,0,0,0,0,0,0,0,3895,0,91,0,-637895,110,28,0,
-87,27,76,6425,0,0,72,0,130,0,66,0,0,0,0,0,0,0,3895,0,91,0,-638438,106,28,0,
-87,27,85,6430,0,0,60,0,146,0,68,0,0,0,0,0,0,0,3895,0,91,0,-638876,108,28,0,
-87,27,76,6435,0,0,76,0,140,0,66,0,0,0,0,0,0,0,3895,0,91,0,-639414,108,28,0,
-87,27,85,6440,0,0,56,0,142,0,72,0,0,0,0,0,0,0,3895,0,91,0,-639852,106,28,0,
-87,27,85,6450,0,0,54,0,144,0,66,0,0,0,0,0,0,0,3895,0,91,0,-640834,108,28,0,
-87,27,76,6455,0,0,72,0,146,0,68,0,0,0,0,0,0,0,3895,0,91,0,-641375,106,28,0,
-87,27,85,6460,0,0,56,0,140,0,72,0,0,0,0,0,0,0,3895,0,91,0,-641813,110,28,0,
-87,27,85,6465,0,0,68,0,146,0,68,0,0,0,0,0,0,0,3895,0,91,0,-642356,110,28,0,
-87,27,85,6470,0,0,74,0,138,0,64,0,0,0,0,0,0,0,3895,0,91,0,-642894,106,28,0,
-87,27,85,6475,0,0,64,0,144,0,68,0,0,0,0,0,0,0,3895,0,91,0,-643332,108,28,0,
-87,27,85,6480,0,0,70,0,130,0,64,0,0,0,0,0,0,0,3895,0,91,0,-643876,104,28,0,
-87,27,85,6485,0,0,60,0,144,0,66,0,0,0,0,0,0,0,3895,0,91,0,-644317,110,28,0,
-87,27,85,6490,0,0,76,0,138,0,68,0,0,0,0,0,0,0,3895,0,91,0,-644856,110,28,0,
-86,27,76,6495,0,0,56,0,142,0,68,0,0,0,0,0,0,0,3895,0,91,0,-645296,108,28,0,
-87,27,85,6500,0,0,68,0,132,0,60,0,0,0,0,0,0,0,3895,0,91,0,-645834,108,28,0,
-87,27,85,6505,0,0,58,0,144,0,66,0,0,0,0,0,0,0,3895,0,91,0,-646281,110,28,0,
-87,27,85,6510,0,0,72,0,144,0,68,0,0,0,0,0,0,0,3895,0,91,0,-646819,112,28,0,
-87,27,85,6515,0,0,56,0,138,0,72,0,0,0,0,0,0,0,3895,0,91,0,-647358,108,28,0,
-87,27,85,6520,0,0,70,0,140,0,60,0,0,0,0,0,0,0,3895,0,91,0,-647798,108,28,0,
-87,27,85,6525,0,0,66,0,118,0,60,0,0,0,0,0,0,0,3895,0,91,0,-648336,108,28,0,
-87,27,85,6530,0,0,64,0,142,0,68,0,0,0,0,0,0,0,3895,0,91,0,-648777,108,28,0,
-87,27,76,6535,0,0,72,0,130,0,64,0,0,0,0,0,0,0,3895,0,91,0,-649318,110,28,0,
-87,27,76,6540,0,0,64,0,142,0,70,0,0,0,0,0,0,0,3895,0,91,0,-649856,110,28,0,
-87,27,76,6545,0,0,74,0,138,0,68,0,0,0,0,0,0,0,3895,0,91,0,-650295,108,28,0,
-86,27,85,6550,0,0,52,0,142,0,58,0,0,0,0,0,0,0,3895,0,91,0,-650835,108,28,0,
-87,27,85,6555,