0,0,0,0,0,0,2040,494,0,3948,116,0,0,-24240,10,0,
0,0,0,0,0,0,2070,491,0,3948,116,0,0,-23819,8,0,
0,0,0,0,0,0,2072,490,0,3948,116,0,0,-22793,10,0,
0,0,0,0,0,0,2074,488,0,3948,116,0,0,-22435,10,0,
0,0,0,0,0,0,2036,488,0,3948,116,0,0,-21950,8,0,
0,0,0,0,0,0,2046,496,0,3948,116,0,0,-21488,10,0,
0,0,0,0,0,0,2086,426,0,3948,116,0,0,-20899,8,0,
0,0,0,0,0,0,2088,424,0,3948,116,0,0,-20543,8,0,
0,0,0,0,0,0,2076,492,0,3948,116,0,0,-20059,8,0,
0,0,0,0,0,0,2074,487,0,3948,116,0,0,-19597,8,0,
0,0,0,0,0,0,2072,488,0,3948,116,0,0,-19007,8,0,
0,0,0,0,0,0,2046,497,0,3948,116,0,0,-18603,10,0,
0,0,0,0,0,0,2040,490,0,3948,116,0,0,-18117,6,0,
0,0,0,0,0,0,2040,491,0,3948,116,0,0,-17747,10,0,
0,0,0,0,0,0,2044,495,0,3948,116,0,0,-17284,8,0,
0,0,0,0,0,0,2038,487,0,3948,116,0,0,-16694,10,0,
0,0,0,0,0,0,2072,489,0,3948,116,0,0,-16206,8,0,
0,0,0,0,0,0,2076,488,0,3948,116,0,0,-15846,6,0,
0,0,0,0,0,0,2070,484,0,3948,116,0,0,-15383,8,0,
0,0,0,0,0,0,2070,474,0,3948,116,0,0,-14791,10,0,
0,0,0,0,0,0,2092,430,0,3948,116,0,0,-14409,10,0,
0,0,0,0,0,0,2038,488,0,3948,116,0,0,-14051,8,0,
0,0,0,0,0,0,2094,429,0,3948,116,0,0,-13523,8,0,
0,0,0,0,0,0,2074,487,0,3948,116,0,0,-12933,10,0,
0,0,0,0,0,0,2066,466,0,3948,116,0,0,-12469,8,0,
0,0,0,0,0,0,2070,472,0,3948,116,0,0,-12108,10,0,
0,0,0,0,0,0,2068,466,0,3948,116,0,0,-11618,10,0,
0,0,0,0,0,0,2068,468,0,3948,116,0,0,-11155,8,0,
0,0,0,0,0,0,2094,429,0,3948,116,0,0,-10692,8,0,
0,0,0,0,0,0,2038,488,0,3948,116,0,0,-10207,8,0,
0,0,0,0,0,0,2092,427,0,3948,116,0,0,-9722,8,0,
0,0,0,0,0,0,2070,471,0,3948,116,0,0,-9296,10,0,
0,0,0,0,0,0,2066,466,0,3948,116,0,0,-8834,8,0,
0,0,0,0,0,0,2070,471,0,3948,116,0,0,-8276,8,0,
0,0,0,0,0,0,2070,469,0,3948,116,0,0,-7919,10,0,
0,0,0,0,0,0,2088,421,0,3948,116,0,0,-7433,8,0,
0,0,0,0,0,0,2048,497,0,3948,116,0,0,-6970,8,0,
0,0,0,0,0,0,2038,492,0,3948,116,0,0,-6380,6,0,
0,0,0,0,0,0,2040,490,0,3948,116,0,0,-6024,8,0,
0,0,0,0,0,0,2074,474,0,3948,116,0,0,-5540,8,0,
0,0,0,0,0,0,2072,469,0,3948,116,0,0,-5077,12,0,
0,0,0,0,0,0,2070,470,0,3948,116,0,0,-4487,10,0,
0,0,0,0,0,0,2094,428,0,3948,116,0,0,-4087,6,0,
0,0,0,0,0,0,2042,492,0,3948,116,0,0,-3220,10,0,
0,0,0,0,0,0,2094,429,0,3948,116,0,0,-2756,8,0,
0,0,0,0,0,0,2086,420,0,3948,116,0,0,-2165,10,0,
0,0,0,0,0,0,2044,495,0,3948,116,0,0,-1801,8,0,
0,0,0,0,0,0,2076,487,0,3948,116,0,0,-1309,6,0,
0,0,0,0,0,0,2072,485,0,3948,116,0,0,-846,6,0,
0,0,0,0,0,0,2076,493,0,3948,116,0,0,-255,10,0,
0,0,0,0,0,0,2044,496,0,3948,116,0,0,108,10,0,
0,0,0,0,0,0,2088,420,0,3948,116,0,0,468,8,0,
0,0,0,0,0,0,2050,497,0,3948,116,0,0,1000,8,0,
0,0,0,0,0,0,2068,467,0,3948,116,0,0,2042,8,0,
0,0,0,0,0,0,2070,473,0,3948,116,0,0,2400,8,0,
0,0,0,0,0,0,2074,484,0,3948,116,0,0,2886,10,0,
0,0,0,0,0,0,2074,488,0,3948,116,0,0,3348,10,0,
0,0,0,0,0,0,2050,497,0,3948,116,0,0,3811,8,0,
0,0,0,0,0,0,2038,488,0,3953,116,0,0,4297,6,0,
0,0,0,0,0,0,2094,428,0,3948,116,0,0,4784,10,0,
0,0,0,0,0,0,2076,490,0,3948,116,0,0,5223,8,0,
0,0,0,0,0,0,2072,485,0,3948,116,0,0,5685,4,0,
0,0,0,0,0,0,2076,490,0,3948,116,0,0,6232,8,0,
0,0,0,0,0,0,2078,488,0,3948,116,0,0,6593,8,0,
0,0,0,0,0,0,2088,421,0,3948,116,0,0,7085,10,0,
0,0,0,0,0,0,2096,429,0,3948,116,0,0,7549,8,0,
0,0,0,0,0,0,2090,426,0,3948,116,0,0,8139,8,0,
0,0,0,0,0,0,2042,491,0,3953,116,0,0,8505,10,0,
0,0,0,0,0,0,2078,492,0,3953,116,0,0,8999,12,0,
0,0,0,0,0,0,2076,487,0,3948,116,0,0,9463,10,0,
0,0,0,0,0,0,2072,485,0,3948,116,0,0,9927,8,0,
0,0,0,0,0,0,2096,429,0,3948,116,0,0,10442,8,0,
0,0,0,0,0,0,2088,424,0,3948,116,0,0,10929,10,0,
0,0,0,0,0,0,2042,492,0,3948,116,0,0,11322,8,0,
0,0,0,0,0,0,2048,496,0,3953,116,0,0,11785,10,0,
0,0,0,0,0,0,2040,489,0,3953,115,0,0,12371,10,0,
0,0,0,0,0,0,2094,428,0,3953,116,0,0,12729,10,0,
0,0,0,0,0,0,2078,493,0,3948,116,0,0,14268,8,0,
0,0,0,0,0,0,2094,430,0,3953,116,0,0,14628,8,0,
0,0,0,0,0,0,2090,426,0,3953,116,0,0,16011,10,0,
0,0,0,0,0,0,2068,467,0,3948,116,0,0,16575,10,0,
0,0,0,0,0,0,2070,474,0,3948,116,0,0,16937,10,0,
0,0,0,0,0,0,2070,467,0,3953,116,0,0,17423,8,0,
0,0,0,0,0,0,2072,470,0,3948,116,0,0,17886,10,0,
0,0,0,0,0,0,2090,426,0,3953,116,0,0,22691,8,0,
0,0,0,0,0,0,2042,491,0,3953,116,0,0,23053,10,0,
0,0,0,0,0,0,2076,469,0,3953,116,0,0,24013,10,0,
0,0,0,0,0,0,2072,484,0,3953,116,0,0,24478,8,0,
0,0,0,0,0,0,2070,474,0,3948,116,0,0,24969,10,0,
0,0,0,0,0,0,2044,492,0,3953,116,0,0,25457,8,0,
0,0,0,0,0,0,2092,426,0,3953,116,0,0,25866,8,0,
0,0,0,0,0,0,2048,496,0,3953,116,0,0,26329,12,0,
0,0,0,0,0,0,2088,421,0,3948,116,0,0,26904,10,0,
0,0,0,0,0,0,2046,496,0,3953,116,0,0,27263,8,0,
0,0,0,0,0,0,2076,490,0,3948,116,0,0,27622,8,0,
0,0,0,0,0,0,2072,483,0,3953,116,0,0,28212,8,0,
0,0,0,0,0,0,2078,493,0,3953,116,0,0,28802,8,0,
0,0,0,0,0,0,2046,497,0,3953,116,0,0,29159,8,0,
0,0,0,0,0,0,2088,422,0,3953,116,0,0,29516,8,0,
0,0,0,0,0,0,2098,429,0,3948,116,0,0,30106,12,0,
0,0,0,0,0,0,2090,426,0,3953,116,0,0,30570,10,0,
0,0,0,0,0,0,2042,492,0,3953,116,0,0,30983,10,0,
0,0,0,0,0,0,2072,474,0,3953,116,0,0,31469,8,0,
0,0,0,0,0,0,2072,466,0,3953,116,0,0,31962,8,0,
0,0,0,0,0,0,2070,470,0,3953,116,0,0,32425,6,0,
0,0,0,0,0,0,2098,430,0,3953,116,0,0,32888,8,0,
0,0,0,0,0,0,2088,424,0,3953,116,0,0,33373,10,0,
0,0,0,0,0,0,2094,426,0,3953,116,0,0,33729,8,0,
0,0,0,0,0,0,2076,491,0,3953,116,0,0,34318,8,0,
0,0,0,0,0,0,2074,484,0,3953,116,0,0,34782,6,0,
0,0,0,0,0,0,2074,473,0,3953,116,0,0,35288,10,0,
0,0,0,0,0,0,2078,489,0,3953,116,0,0,35646,8,0,
0,0,0,0,0,0,2074,484,0,3953,116,0,0,36173,8,0,
0,0,0,0,0,0,2078,493,0,3953,116,0,0,36639,8,0,
0,0,0,0,0,0,2044,494,0,3953,117,0,0,37233,10,0,
0,0,0,0,0,0,2042,492,0,3953,116,0,0,37602,8,0,
0,0,0,0,0,0,2076,474,0,3953,116,0,0,38097,10,0,
0,0,0,0,0,0,2074,470,0,3953,117,0,0,38563,10,0,
0,0,0,0,0,0,2068,467,0,3953,117,0,0,39029,8,0,
0,0,0,0,0,0,2076,491,0,3948,117,0,0,39519,8,0,
0,0,0,0,0,0,2072,466,0,3953,116,0,0,39880,8,0,
0,0,0,0,0,0,2044,493,0,3953,116,0,0,40435,8,0,
0,0,0,0,0,0,2096,429,0,3953,116,0,0,40899,8,0,
0,0,0,0,0,0,2040,490,0,3953,116,0,0,41455,8,0,
0,0,0,0,0,0,2046,496,0,3948,116,0,0,41813,10,0,
0,0,0,0,0,0,2074,473,0,3948,116,0,0,42172,8,0,
0,0,0,0,0,0,2074,484,0,3953,116,0,0,42762,8,0,
0,0,0,0,0,0,2080,493,0,3953,116,0,0,43352,10,0,
0,0,0,0,0,0,2096,430,0,3953,116,0,0,43710,8,0,
0,0,0,0,0,0,2042,490,0,3953,116,0,0,44071,8,0,
0,0,0,0,0,0,2052,498,0,3953,116,0,0,44662,6,0,
0,0,0,0,0,0,2044,492,0,3953,116,0,0,45126,8,0,
0,0,0,0,0,0,2092,424,0,3953,117,0,0,45523,10,0,
0,0,0,0,0,0,2072,467,0,3953,116,0,0,46526,6,0,
0,0,0,0,0,0,2072,470,0,3953,117,0,0,46989,6,0,
0,0,0,0,0,0,2098,430,0,3953,116,0,0,47453,8,0,
0,0,0,0,0,0,2044,492,0,3953,116,0,0,47939,10,0,
0,0,0,0,0,0,2044,493,0,3953,117,0,0,48300,8,0,
0,0,0,0,0,0,2072,484,0,3953,116,0,0,49357,6,0,
0,0,0,0,0,0,2078,490,0,3953,116,0,0,49846,8,0,
0,0,0,0,0,0,2076,470,0,3953,116,0,0,50211,6,0,
0,0,0,0,0,0,2072,483,0,3953,116,0,0,50754,8,0,
0,0,0,0,0,0,2080,493,0,3953,116,0,0,51218,8,0,
0,0,0,0,0,0,2044,497,0,3953,116,0,0,51666,10,0,
0,0,0,0,0,0,2090,421,0,3953,116,0,0,52153,8,0,
0,0,0,0,0,0,2076,474,0,3953,116,0,0,52639,8,0,
0,0,0,0,0,0,2074,470,0,3953,117,0,0,53103,12,0,
0,0,0,0,0,0,2076,484,0,3953,116,0,0,53567,8,0,
0,0,0,0,0,0,2078,491,0,3953,116,0,0,54053,8,0,
0,0,0,0,0,0,2072,466,0,3953,114,0,0,54406,8,0,
0,0,0,0,0,0,2072,469,0,3953,114,0,0,54861,8,0,
0,0,0,0,0,0,2048,497,0,3953,115,0,0,55443,8,0,
0,0,0,0,0,0,2088,420,0,3953,115,0,0,55975,8,0,
0,0,0,0,0,0,2048,497,0,3953,115,0,0,56334,8,0,
0,0,0,0,0,0,2076,490,0,3953,115,0,0,56703,8,0,
0,0,0,0,0,0,2074,484,0,3953,115,0,0,57289,8,0,
0,0,0,0,0,0,2078,489,0,3953,115,0,0,57749,10,0,
0,0,0,0,0,26,54792,1,113,29455,0,0,-3,134217954,0,0,
0,0,0,0,0,0,2042,490,0,3953,115,0,0,58593,6,0,
0,0,0,0,0,0,2098,429,0,3953,115,0,0,59179,8,0,
0,0,0,0,0,0,2044,494,0,3953,115,0,0,59639,8,0,
0,0,0,0,0,0,2092,424,0,3953,115,0,0,60013,10,0,
0,0,0,0,0,0,2070,469,0,3953,115,0,0,60494,6,0,
0,0,0,0,0,0,2054,499,0,3953,115,0,0,60889,8,0,
0,0,0,0,0,0,2044,493,0,3953,115,0,0,61475,6,0,
0,0,0,0,0,0,2092,423,0,3953,115,0,0,61931,8,0,
0,0,0,0,0,0,2074,474,0,3953,115,0,0,62410,6,0,
0,0,0,0,0,0,2078,484,0,3953,115,0,0,62765,8,0,
0,0,0,0,0,0,2076,487,0,3953,115,0,0,63351,8,0,
0,0,0,0,0,0,2078,489,0,3953,115,0,0,63811,8,0,
0,0,0,0,0,0,2068,465,0,3953,115,0,0,64168,8,0,
0,0,0,0,0,0,2052,498,0,3953,115,0,0,65079,6,0,
0,0,0,0,0,0,2074,471,0,3953,115,0,0,65664,6,0,
0,0,0,0,0,0,2074,482,0,3953,115,0,0,66086,8,0,
0,0,0,0,0,0,2098,427,0,3953,115,0,0,66568,8,0,
0,0,0,0,0,0,2044,495,0,3953,115,0,0,66922,8,0,
0,0,0,0,0,0,2044,492,0,3953,115,0,0,67507,6,0,
0,0,0,0,0,0,2098,429,0,3953,115,0,0,67966,8,0,
0,0,0,0,0,0,2090,423,0,3953,115,0,0,68321,8,0,
0,0,0,0,0,0,2046,494,0,3953,115,0,0,68803,6,0,
0,0,0,0,0,0,2076,476,0,3953,115,0,0,69263,10,0,
0,0,0,0,0,0,2070,466,0,3953,115,0,0,69848,8,0,
0,0,0,0,0,0,2078,489,0,3953,115,0,0,70236,8,0,
0,0,0,0,0,0,2048,495,0,3953,115,0,0,71689,6,0,
0,0,0,0,0,0,2096,430,0,3953,115,0,0,72149,10,0,
0,0,0,0,0,0,2074,482,0,3953,115,0,0,72628,6,0,
0,0,0,0,0,0,2080,491,0,3953,115,0,0,72982,6,0,
0,0,0,0,0,0,2076,469,0,3953,115,0,0,73568,8,0,
0,0,0,0,0,0,2074,484,0,3953,115,0,0,74027,8,0,
0,0,0,0,0,0,2098,428,0,3953,115,0,0,74380,8,0,
0,0,0,0,0,0,2046,496,0,3953,115,0,0,74861,8,0,
0,0,0,0,0,0,2094,425,0,3953,115,0,0,75402,8,0,
0,0,0,0,0,0,2078,486,0,3953,115,0,0,76302,8,0,
0,0,0,0,0,0,2072,469,0,3953,115,0,0,76785,6,0,
0,0,0,0,0,0,2078,490,0,3953,115,0,0,77147,8,0,
0,0,0,0,0,0,2074,484,0,3953,115,0,0,77608,10,0,
0,0,0,0,0,0,2078,490,0,3953,115,0,0,78193,8,0,
0,0,0,0,0,0,2046,498,0,3953,115,0,0,78673,8,0,
0,0,0,0,0,0,2090,421,0,3953,115,0,0,79028,8,0,
0,0,0,0,0,0,2098,429,0,3953,115,0,0,79487,4,0,
0,0,0,0,0,0,2080,489,0,3953,115,0,0,80072,10,0,
0,0,0,0,0,0,2074,482,0,3953,115,0,0,80473,8,0,
0,0,0,0,0,0,2080,492,0,3953,115,0,0,80827,8,0,
0,0,0,0,0,0,2098,429,0,3953,115,0,0,81324,6,0,
0,0,0,0,0,0,2044,493,0,3953,116,0,0,81910,6,0,
0,0,0,0,0,0,2052,501,0,3953,115,0,0,82371,8,0,
0,0,0,0,0,0,2046,494,0,3953,115,0,0,82729,6,0,
0,0,0,0,0,0,2094,425,0,3958,115,0,0,83216,8,0,
0,0,0,0,0,0,2080,494,0,3953,115,0,0,83678,6,0,
0,0,0,0,0,0,2078,487,0,3953,115,0,0,84265,8,0,
0,0,0,0,0,0,2078,489,0,3953,115,0,0,84626,8,0,
0,0,0,0,0,0,2098,430,0,3953,115,0,0,85111,10,0,
0,0,0,0,0,0,2090,422,0,3953,115,0,0,85512,6,0,
0,0,0,0,0,0,2096,427,0,3953,115,0,0,86099,8,0,
0,0,0,0,0,0,2048,499,0,3953,115,0,0,86553,8,0,
0,0,0,0,0,0,2092,422,0,3953,115,0,0,86907,10,0,
0,0,0,0,0,0,2076,475,0,3953,115,0,0,87388,8,0,
0,0,0,0,0,0,2076,470,0,3953,115,0,0,87973,6,0,
0,0,0,0,0,0,2070,468,0,3953,115,0,0,88432,6,0,
0,0,0,0,0,0,2098,428,0,3953,115,0,0,88787,6,0,
0,0,0,0,0,0,2044,496,0,3953,115,0,0,89269,8,0,
0,0,0,0,0,0,2042,493,0,3953,115,0,0,89701,8,0,
0,0,0,0,0,0,2076,476,0,3953,115,0,0,90285,10,0,
0,0,0,0,0,0,2076,469,0,3953,115,0,0,90702,8,0,
0,0,0,0,0,0,2074,469,0,3953,115,0,0,91184,10,0,
0,0,0,0,0,0,2080,489,0,3953,115,0,0,91540,8,0,
0,0,0,0,0,0,2072,467,0,3953,115,0,0,92001,8,0,
0,0,0,0,0,0,2078,490,0,3958,115,0,0,92586,6,0,
0,0,0,0,0,0,2052,501,0,3953,115,0,0,92944,8,0,
0,0,0,0,0,0,2092,422,0,3953,115,0,0,93433,8,0,
0,0,0,0,0,0,2100,430,0,3953,115,0,0,93893,6,0,
0,0,0,0,0,0,2074,471,0,3953,116,0,0,94482,10,0,
0,0,0,0,0,0,2074,482,0,3953,116,0,0,94869,6,0,
0,0,0,0,0,0,2082,492,0,3953,116,0,0,95231,8,0,
0,0,0,0,0,0,2076,470,0,3953,115,0,0,95745,6,0,
0,0,0,0,0,0,2094,422,0,3953,115,0,0,96333,8,0,
0,0,0,0,0,0,2100,430,0,3953,115,0,0,96793,8,0,
0,0,0,0,0,0,2090,424,0,3953,115,0,0,97149,10,0,
0,0,0,0,0,0,2096,425,0,3953,115,0,0,97632,8,0,
0,0,0,0,0,0,2080,494,0,3953,115,0,0,98091,8,0,
0,0,0,0,0,0,2076,469,0,3958,115,0,0,98677,8,0,
0,0,0,0,0,0,2076,473,0,3953,116,0,0,99032,6,0,
0,0,0,0,0,0,2052,500,0,3953,115,0,0,99508,8,0,
0,0,0,0,0,0,2046,493,0,3953,116,0,0,99928,6,0,
0,0,0,0,0,0,2048,497,0,3953,115,0,0,100513,6,0,
0,0,0,0,0,0,2046,500,0,3953,115,0,0,100945,8,0,
0,0,0,0,0,0,2092,422,0,3958,115,0,0,101302,6,0,
0,0,0,0,0,0,2082,492,0,3953,115,0,0,101782,6,0,
0,0,0,0,0,0,2082,486,0,3953,115,0,0,102367,10,0,
0,0,0,0,0,0,2076,484,0,3953,115,0,0,102827,6,0,
0,0,0,0,0,0,2050,498,0,3953,115,0,0,103180,10,0,
0,0,0,0,0,0,2096,428,0,3953,115,0,0,103661,8,0,
0,0,0,0,0,0,2046,493,0,3953,115,0,0,104122,8,0,
0,0,0,0,0,0,2076,476,0,3953,115,0,0,104707,10,0,
0,0,0,0,0,0,2080,486,0,3953,116,0,0,105104,6,0,
0,0,0,0,0,0,2080,490,0,3953,116,0,0,105975,6,0,
0,0,0,0,0,0,2076,484,0,3953,116,0,0,106438,6,0,
0,0,0,0,0,0,2080,489,0,3953,115,0,0,107026,8,0,
0,0,0,0,0,0,2054,501,0,3953,115,0,0,107391,6,0,
0,0,0,0,0,0,2092,421,0,3953,115,0,0,107879,8,0,
0,0,0,0,0,0,2100,431,0,3958,116,0,0,108340,8,0,
0,0,0,0,0,0,2082,488,0,3958,115,0,0,108928,6,0,
0,0,0,0,0,0,2074,483,0,3958,115,0,0,109286,8,0,
0,0,0,0,0,0,2082,491,0,3958,116,0,0,109642,8,0,
0,0,0,0,0,0,2078,471,0,3953,116,0,0,110184,8,0,
0,0,0,0,0,0,2046,494,0,3953,115,0,0,110774,8,0,
0,0,0,0,0,0,2100,430,0,3958,116,0,0,111217,6,0,
0,0,0,0,0,0,2090,424,0,3953,115,0,0,111574,6,0,
0,0,0,0,0,0,2096,426,0,3953,115,0,0,112058,8,0,
0,0,0,0,0,0,2080,493,0,3953,115,0,0,112517,8,0,
0,0,0,0,0,0,2080,486,0,3953,115,0,0,113103,4,0,
0,0,0,0,0,0,2076,473,0,3958,115,0,0,113456,8,0,
0,0,0,0,0,0,2100,430,0,3953,116,0,0,113936,10,0,
0,0,0,0,0,0,2090,423,0,3953,115,0,0,114397,10,0,
0,0,0,0,0,0,2096,427,0,3958,116,0,0,114985,8,0,
0,0,0,0,0,0,2098,431,0,3958,115,0,0,115390,10,0,
0,0,0,0,0,0,2092,421,0,3953,115,0,0,115749,10,0,
0,0,0,0,0,0,2082,492,0,3953,116,0,0,116248,8,0,
0,0,0,0,0,0,2082,487,0,3953,115,0,0,116836,8,0,
0,0,0,0,0,0,2076,484,0,3958,116,0,0,117298,6,0,
0,0,0,0,0,0,2052,500,0,3958,116,0,0,117665,10,0,
0,0,0,0,0,0,2096,428,0,3958,116,0,0,118158,10,0,
0,0,0,0,0,0,2094,423,0,3953,116,0,0,118623,6,0,
0,0,0,0,0,0,2100,430,0,3953,116,0,0,119087,6,0,
0,0,0,0,0,0,2080,486,0,3953,116,0,0,119593,8,0,
0,0,0,0,0,0,2078,486,0,3953,116,0,0,120077,8,0,
0,0,0,0,0,0,2080,490,0,3953,116,0,0,120478,6,0,
0,0,0,0,0,0,2072,468,0,3958,116,0,0,120941,8,0,
0,0,0,0,0,0,2080,489,0,3958,116,0,0,121528,8,0,
0,0,0,0,0,0,2100,430,0,3953,116,0,0,121887,8,0,
0,0,0,0,0,0,2046,492,0,3953,116,0,0,122373,10,0,
0,0,0,0,0,0,2056,501,0,3958,116,0,0,122836,6,0,
0,0,0,0,0,0,2078,473,0,3958,116,0,0,123426,8,0,
0,0,0,0,0,0,2070,466,0,3958,116,0,0,123784,6,0,
0,0,0,0,0,0,2078,475,0,3958,116,0,0,124145,6,0,
0,0,0,0,0,0,2080,487,0,3958,116,0,0,124712,6,0,
0,0,0,0,0,0,2046,495,0,3953,116,0,0,125304,8,0,
0,0,0,0,0,0,2100,431,0,3953,116,0,0,125731,8,0,
0,0,0,0,0,0,2092,424,0,3953,116,0,0,126094,10,0,
0,0,0,0,0,0,2048,496,0,3953,116,0,0,126583,8,0,
0,0,0,0,0,0,2078,476,0,3958,116,0,0,127047,10,0,
0,0,0,0,0,0,2080,485,0,3958,116,0,0,127639,8,0,
0,0,0,0,0,0,2078,486,0,3958,116,0,0,128001,8,0,
0,0,0,0,0,0,2100,430,0,3958,116,0,0,128488,10,0,
0,0,0,0,0,0,2048,494,0,3958,116,0,0,128952,8,0,
0,0,0,0,0,0,2096,427,0,3958,116,0,0,129542,6,0,
0,0,0,0,0,0,2098,431,0,3958,116,0,0,129926,6,0,
0,0,0,0,0,0,2044,492,0,3953,116,0,0,130284,8,0,
0,0,0,0,0,0,2056,502,0,3953,116,0,0,130805,6,0,
0,0,0,0,0,0,2082,486,0,3958,116,0,0,131395,8,0,
0,0,0,0,0,0,2072,468,0,3958,116,0,0,131858,8,0,
0,0,0,0,0,0,2052,499,0,3958,116,0,0,132217,8,0,
0,0,0,0,0,0,2098,428,0,3953,116,0,0,132701,6,0,
0,0,0,0,0,0,2094,423,0,3958,116,0,0,133164,10,0,
0,0,0,0,0,0,2102,430,0,3958,116,0,0,133629,8,0,
0,0,0,0,0,0,2092,425,0,3958,116,0,0,134120,8,0,
0,0,0,0,0,0,2074,469,0,3958,116,0,0,134610,10,0,
0,0,0,0,0,0,2078,474,0,3958,116,0,0,135040,6,0,
0,0,0,0,0,0,2070,467,0,3958,116,0,0,135505,8,0,
0,0,0,0,0,0,2080,489,0,3958,116,0,0,136068,8,0,
0,0,0,0,0,0,2100,429,0,3958,116,0,0,136431,8,0,
0,0,0,0,0,0,2090,423,0,3958,116,0,0,136788,8,0,
0,0,0,0,0,0,2054,501,0,3958,116,0,0,137378,6,0,
0,0,0,0,0,0,2082,488,0,3958,116,0,0,137968,8,0,
0,0,0,0,0,0,2076,482,0,3958,116,0,0,138325,8,0,
0,0,0,0,0,0,2078,475,0,3953,116,0,0,138685,8,0,
0,0,0,0,0,0,2078,470,0,3958,116,0,0,139275,6,0,
0,0,0,0,0,0,2074,468,0,3958,116,0,0,139737,8,0,
0,0,0,0,0,0,2048,494,0,3958,116,0,0,140616,8,0,
0,0,0,0,0,0,2096,426,0,3958,116,0,0,141129,6,0,
0,0,0,0,0,0,2080,486,0,3953,116,0,0,142181,8,0,
0,0,0,0,0,0,2074,470,0,3958,116,0,0,142540,8,0,
0,0,0,0,0,0,2100,429,0,3958,116,0,0,143027,8,0,
0,0,0,0,0,0,2090,422,0,3953,116,0,0,143490,6,0,
0,0,0,0,0,0,2096,427,0,3958,116,0,0,144080,4,0,
0,0,0,0,0,0,2050,501,0,3958,116,0,0,144438,6,0,
0,0,0,0,0,0,2046,493,0,3958,116,0,0,144796,4,0,
0,0,0,0,0,0,2056,501,0,3953,117,0,0,145346,8,0,
0,0,0,0,0,0,2074,468,0,3958,116,0,0,146370,8,0,
0,0,0,0,0,0,2100,428,0,3958,116,0,0,146732,6,0,
0,0,0,0,0,0,2098,428,0,3958,116,0,0,147222,8,0,
0,0,0,0,0,0,2094,423,0,3958,116,0,0,147688,8,0,
0,0,0,0,0,0,2056,502,0,3958,117,0,0,148155,8,0,
0,0,0,0,0,0,2046,494,0,3958,117,0,0,148650,10,0,
0,0,0,0,0,0,2076,486,0,3958,116,0,0,149142,6,0,
0,0,0,0,0,0,2080,489,0,3958,116,0,0,149605,8,0,
0,0,0,0,0,0,2076,483,0,3958,116,0,0,150068,8,0,
0,0,0,0,0,0,2082,489,0,3958,116,0,0,150589,6,0,
0,0,0,0,0,0,2054,501,0,3958,116,0,0,150948,6,0,
0,0,0,0,0,0,2092,423,0,3958,116,0,0,151335,8,0,
0,0,0,0,0,0,2100,430,0,3958,116,0,0,151924,8,0,
0,0,0,0,0,0,2078,472,0,3958,116,0,0,152514,8,0,
0,0,0,0,0,0,2072,466,0,3958,117,0,0,152874,6,0,
0,0,0,0,0,0,2080,475,0,3958,116,0,0,153236,8,0,
0,0,0,0,0,0,2078,470,0,3953,116,0,0,153828,6,0,
0,0,0,0,0,0,2074,468,0,3958,116,0,0,154290,8,0,
0,0,0,0,0,0,2056,502,0,3958,116,0,0,154777,8,0,
0,0,0,0,0,0,2092,423,0,3958,116,0,0,155137,8,0,
0,0,0,0,0,0,2096,426,0,3958,116,0,0,155700,8,0,
0,0,0,0,0,0,2082,492,0,3958,117,0,0,156165,8,0,
0,0,0,0,0,0,2078,470,0,3958,116,0,0,156722,8,0,
0,0,0,0,0,0,2078,485,0,3958,116,0,0,157091,6,0,
0,0,0,0,0,0,2076,474,0,3958,116,0,0,157454,10,0,
0,0,0,0,0,0,2092,422,0,3958,116,0,0,158044,8,0,
0,0,0,0,0,0,2096,427,0,3958,117,0,0,158636,8,0,
0,0,0,0,0,0,2100,430,0,3958,116,0,0,158996,8,0,
0,0,0,0,0,0,2094,422,0,3958,116,0,0,159357,6,0,
0,0,0,0,0,0,2100,430,0,3958,116,0,0,159947,6,0,
0,0,0,0,0,0,2082,488,0,3958,117,0,0,160410,8,0,
0,0,0,0,0,0,2078,484,0,3958,117,0,0,160916,6,0,
0,0,0,0,0,0,2098,428,0,3958,117,0,0,161275,8,0,
0,0,0,0,0,0,2096,428,0,3958,116,0,0,161806,6,0,
0,0,0,0,0,0,2046,494,0,3958,116,0,0,162272,8,0,
0,0,0,0,0,0,2092,424,0,3958,116,0,0,163220,6,0,
0,0,0,0,0,0,2096,426,0,3958,116,0,0,163586,10,0,
0,0,0,0,0,0,2080,489,0,3958,117,0,0,164178,8,0,
0,0,0,0,0,0,2076,484,0,3958,117,0,0,164643,6,0,
0,0,0,0,0,0,2080,489,0,3958,116,0,0,165136,6,0,
0,0,0,0,0,0,2100,429,0,3958,117,0,0,165501,6,0,
0,0,0,0,0,0,2092,422,0,3958,116,0,0,165968,10,0,
0,0,0,0,0,0,2098,427,0,3958,116,0,0,166558,10,0,
0,0,0,0,0,0,2082,488,0,3958,116,0,0,167095,10,0,
0,0,0,0,0,0,2076,481,0,3958,116,0,0,167452,8,0,
0,0,0,0,0,0,2082,475,0,3958,116,0,0,167828,6,0,
0,0,0,0,0,0,2082,486,0,3958,116,0,0,168418,8,0,
0,0,0,0,0,0,2078,484,0,3958,116,0,0,168881,6,0,
0,0,0,0,0,0,2100,428,0,3958,117,0,0,169366,8,0,
0,0,0,0,0,0,2048,496,0,3958,116,0,0,169726,6,0,
0,0,0,0,0,0,2082,492,0,3958,116,0,0,170778,8,0,
0,0,0,0,0,0,2082,486,0,3958,116,0,0,171265,8,0,
0,0,0,0,0,0,2078,485,0,3958,116,0,0,171629,4,0,
0,0,0,0,0,0,2082,489,0,3958,116,0,0,172038,6,0,
0,0,0,0,0,0,2050,498,0,3958,116,0,0,173207,8,0,
0,0,0,0,0,0,2050,501,0,3958,116,0,0,173574,8,0,
0,0,0,0,0,0,2092,422,0,3958,117,0,0,173939,8,0,
0,0,0,0,0,0,2102,430,0,3958,116,0,0,174533,6,0,
0,0,0,0,0,0,2082,487,0,3958,116,0,0,174998,6,0,
0,0,0,0,0,0,2072,466,0,3958,116,0,0,175358,8,0,
0,0,0,0,0,0,2052,500,0,3958,117,0,0,175846,4,0,
0,0,0,0,0,0,2098,428,0,3958,116,0,0,176430,8,0,
0,0,0,0,0,0,2048,494,0,3958,116,0,0,176893,8,0,
0,0,0,0,0,0,2104,430,0,3958,116,0,0,177291,6,0,
0,0,0,0,0,0,2050,497,0,3958,117,0,0,178165,8,0,
0,0,0,0,0,0,2078,473,0,3958,117,0,0,178756,8,0,
0,0,0,0,0,0,2074,468,0,3958,116,0,0,179219,8,0,
0,0,0,0,0,0,2082,488,0,3958,116,0,0,179709,6,0,
0,0,0,0,0,0,2102,430,0,3958,116,0,0,180074,10,0,
0,0,0,0,0,0,2092,422,0,3958,116,0,0,180538,6,0,
0,0,0,0,0,0,2098,426,0,3958,116,0,0,181128,8,0,
0,0,0,0,0,0,2050,500,0,3958,116,0,0,181489,6,0,
0,0,0,0,0,0,2076,482,0,3958,116,0,0,181974,6,0,
0,0,0,0,0,0,2084,491,0,3958,116,0,0,182399,8,0,
0,0,0,0,0,0,2082,485,0,3958,116,0,0,182989,6,0,
0,0,0,0,0,0,2074,468,0,3958,116,0,0,183419,8,0,
0,0,0,0,0,0,2100,427,0,3958,116,0,0,183905,10,0,
0,0,0,0,0,0,2098,428,0,3958,116,0,0,184265,8,0,
0,0,0,0,0,0,2098,425,0,3958,116,0,0,184856,6,0,
0,0,0,0,0,0,2084,493,0,3958,116,0,0,185319,6,0,
0,0,0,0,0,0,2082,486,0,3958,116,0,0,185805,8,0,
0,0,0,0,0,0,2076,469,0,3958,116,0,0,186166,10,0,
0,0,0,0,0,0,2076,474,0,3958,116,0,0,186630,10,0,
0,0,0,0,0,0,2074,467,0,3958,116,0,0,187221,6,0,
0,0,0,0,0,0,2100,429,0,3958,116,0,0,188093,8,0,
0,0,0,0,0,0,2094,422,0,3958,116,0,0,188489,8,0,
0,0,0,0,0,0,2102,430,0,3958,116,0,0,189080,8,0,
