System.String[]Mini,6150,1,0,74,0,128,0,82,0,0,0,0,0,0,0,4168,0,108,0,-477815,7276,0,23,0,0,0,0,
System.String[]Mini,6140,1,0,68,0,132,0,80,0,0,0,0,0,0,0,4158,0,95,0,-477090,110,28,0,0,0,0,0,
System.String[]Mini,6130,1,0,70,0,134,0,84,0,0,0,0,0,0,0,4163,0,101,0,-476374,108,28,0,0,0,0,0,
System.String[]Mini,6120,1,0,64,0,132,0,86,0,0,0,0,0,0,0,4163,0,111,0,-475648,7274,0,233,0,0,0,0,
System.String[]Mini,6110,1,0,52,0,128,0,80,0,0,0,0,0,0,0,4163,0,84,0,-474929,106,28,0,0,0,0,0,
System.String[]Mini,1507356,0,0,0,0,146,0,80,0,0,0,0,0,0,0,4158,0,98,0,-474096,110,28,0,0,0,0,0,
System.String[]Mini,7168,0,0,0,6150,0,1,74,0,-128,0,0,0,82,0,0,0,0,0,1067008,27648,0,0,46473,248,255,108,
System.String[]Mini,7168,0,0,0,6140,0,1,68,0,-124,0,0,0,80,0,0,0,0,0,1064448,24320,0,0,47198,248,255,110,
System.String[]Mini,15269916,0,0,0,6130,0,1,70,0,-122,0,0,0,84,0,0,0,0,0,1065728,25856,0,0,47914,248,255,108,
System.String[]Mini,6060,1,0,70,6120,0,1,64,0,-124,0,0,0,86,0,0,0,0,0,1065728,28416,0,0,48640,248,255,106,
System.String[]Mini,2298478700,181,-8,27903,28,23,0,0,0,-110,0,0,0,80,0,0,0,0,0,1064448,25088,0,0,50192,248,255,110,
System.String[]Mini,1577058399,184,-8,28415,7168,0,0,0,6150,0,0,1,0,74,0,0,128,0,82,0,0,0,0,18432,16,0,0,
System.String[]Mini,704643173,187,-8,27903,7168,0,0,0,6140,0,0,1,0,68,0,0,132,0,80,0,0,0,0,15872,16,0,0,
System.String[]Mini,111,190,-8,27391,28,233,0,0,6130,0,0,1,0,70,0,0,134,0,84,0,0,0,0,17152,16,0,0,
System.String[]Mini,3472883796,192,-8,27391,7168,0,0,0,0,0,0,0,0,0,0,4158,0,94,0,-466528,7278,0,96,0,0,0,0,
System.String[]Mini,0,67,16,0,94,7680,63668,28927,7168,0,0,0,0,0,0,0,128,0,80,0,0,0,0,17152,16,0,0,
System.String[]Mini,0,72,16,0,108,35072,63669,27903,28,23,0,0,0,0,0,6160,0,1,62,-1811939328,0,0,84,0,0,0,0,
System.String[]Mini,0,62,16,0,95,24064,63672,28415,7168,0,0,0,0,0,0,6150,0,1,74,-2147483648,0,0,82,0,0,0,0,
System.String[]Mini,0,67,16,0,101,10752,63675,27903,7168,0,0,0,0,0,0,6140,0,1,68,-2080374784,0,0,80,0,0,0,0,
System.String[]Mini,0,67,16,0,111,0,63678,27391,28,-23,0,0,0,0,0,6130,0,1,70,-2046820352,0,0,84,0,0,0,0,
System.String[]Mini,0,67,16,0,84,52992,63680,27391,7168,0,0,0,0,0,0,0,0,0,0,1064448,24064,0,0,57760,248,255,110,
System.String[]Mini,5505024,0,0,0,0,0,4163,0,94,0,30,-76,-8,-1,112,7168,0,0,0,-2147483648,0,0,80,0,0,0,0,
System.String[]Mini,5373952,0,0,0,0,0,4168,0,108,0,-119,-75,-8,-1,108,28,23,0,0,1576960,256,0,62,0,0,148,0,
System.String[]Mini,5242880,0,0,0,0,0,4158,0,95,0,94,-72,-8,-1,110,7168,0,0,0,1574400,256,0,74,0,0,128,0,
System.String[]Mini,5505024,0,0,0,0,0,4163,0,101,0,42,-69,-8,-1,108,7168,0,0,0,1571840,256,0,68,0,0,132,0,
System.String[]Mini,5636096,0,0,0,0,0,4163,0,111,0,0,-66,-8,-1,106,28,233,0,0,1569280,256,0,70,0,0,134,0,
System.String[]Mini,5242880,0,0,0,0,0,4163,0,84,0,-49,-64,-8,-1,106,7168,0,0,0,0,0,0,0,15872,16,0,0,
System.String[]Mini,4063233,0,0,148,0,84,0,0,0,0,0,67,16,0,0,94,7680,63668,-1,1835120,0,0,0,0,0,128,0,
System.String[]Mini,4849665,0,0,128,0,82,0,0,0,0,0,72,16,0,0,108,35072,63669,-1,385883244,0,0,0,4096,24,0,0,
System.String[]Mini,4456449,0,0,132,0,80,0,0,0,0,0,62,16,0,0,95,24064,63672,-1,1835118,0,0,0,1536,24,0,0,
System.String[]Mini,4587521,0,0,134,0,84,0,0,0,0,0,67,16,0,0,101,10752,63675,-1,1835116,0,0,0,64512,23,0,0,
3 февраля 2016 г. 15:05:43Mini,6650,1,0,56,0,152,0,84,0,0,0,0,0,0,0,4168,0,89,0,-516818,7276,0,101,0,0,0,0,
3 февраля 2016 г. 15:05:44Mini,6640,1,0,64,0,146,0,82,0,0,0,0,0,0,0,4158,0,103,0,-515991,7278,0,195,0,0,0,0,
3 февраля 2016 г. 15:05:44Mini,6630,1,0,66,0,144,0,80,0,0,0,0,0,0,0,4163,0,100,0,-515218,7280,0,150,0,0,0,0,
3 февраля 2016 г. 15:05:44Mini,6620,1,0,72,0,146,0,80,0,0,0,0,0,0,0,4158,0,102,0,-514500,7278,0,104,0,0,0,0,
3 февраля 2016 г. 15:05:45Mini,2752540,0,0,0,0,136,0,82,0,0,0,0,0,0,0,4158,0,86,0,-513789,7282,0,210,0,0,0,0,
3 февраля 2016 г. 15:05:45Mini,6619164,0,0,0,6660,0,1,50,0,-108,0,0,0,84,0,0,0,0,0,1064448,23808,0,0,6748,248,255,106,
3 февраля 2016 г. 15:05:46Mini,6590,1,0,52,6650,0,1,56,0,-104,0,0,0,84,0,0,0,0,0,1067008,22784,0,0,7470,248,255,108,
3 февраля 2016 г. 15:05:46Mini,9830428,0,0,0,6640,0,1,64,0,-110,0,0,0,82,0,0,0,0,0,1064448,26368,0,0,8297,248,255,110,
3 февраля 2016 г. 15:05:47Mini,6815772,0,0,0,6630,0,1,66,0,-112,0,0,0,80,0,0,0,0,0,1065728,25600,0,0,9070,248,255,112,
3 февраля 2016 г. 15:05:47Mini,13762588,0,0,0,6620,0,1,72,0,-110,0,0,0,80,0,0,0,0,0,1064448,26112,0,0,9788,248,255,110,
3 февраля 2016 г. 15:05:47Mini,1543503965,26,-8,27391,28,42,0,0,0,-120,0,0,0,82,0,0,0,0,0,1064448,22016,0,0,10499,248,255,114,
3 февраля 2016 г. 15:05:48Mini,771752025,29,-8,27903,28,101,0,0,6660,0,0,1,0,50,0,0,148,0,84,0,0,0,0,15872,16,0,0,
3 февраля 2016 г. 15:05:48Mini,6530,1,0,76,6590,0,1,52,6650,0,0,1,0,56,0,0,152,0,84,0,0,0,0,18432,16,0,0,
3 февраля 2016 г. 15:05:49Mini,1845493860,35,-8,28927,28,150,0,0,6640,0,0,1,0,64,0,0,146,0,82,0,0,0,0,15872,16,0,0,
3 февраля 2016 г. 15:05:49Mini,1006633062,38,-8,28415,28,104,0,0,6630,0,0,1,0,66,0,0,144,0,80,0,0,0,0,17152,16,0,0,
3 февраля 2016 г. 15:05:50Mini,0,62,16,0,89,65280,63512,28415,7168,0,0,0,0,0,0,0,146,0,80,0,0,0,0,15872,16,0,0,
3 февраля 2016 г. 15:05:50Mini,0,62,16,0,93,23552,63514,27391,28,42,0,0,0,0,0,6670,0,1,68,-1946157056,0,0,78,0,0,0,0,
3 февраля 2016 г. 15:05:51Mini,0,72,16,0,89,11776,63517,27903,28,101,0,0,0,0,0,6660,0,1,50,-1811939328,0,0,84,0,0,0,0,
3 февраля 2016 г. 15:05:51Mini,6470,1,0,62,6530,0,1,76,6590,0,0,1,0,52,0,6650,0,1,56,-1744830464,0,0,84,0,0,0,0,
3 февраля 2016 г. 15:05:51Mini,0,67,16,0,100,28160,63523,28927,28,-106,0,0,0,0,0,6640,0,1,64,-1845493760,0,0,82,0,0,0,0,
3 февраля 2016 г. 15:05:52Mini,5111808,0,0,0,0,0,4158,0,89,0,-1,24,-8,-1,110,7168,0,0,0,-1845493760,0,0,80,0,0,0,0,
3 февраля 2016 г. 15:05:53Mini,5505024,0,0,0,0,0,4158,0,93,0,92,26,-8,-1,106,28,42,0,0,1707520,256,0,68,0,0,140,0,
3 февраля 2016 г. 15:05:54Mini,6410,1,0,56,6470,0,1,62,6530,0,0,1,0,76,0,6590,0,1,52,1702400,256,0,56,0,0,152,0,
3 февраля 2016 г. 15:05:55Mini,4456449,0,0,140,0,78,0,0,0,0,0,62,16,0,0,89,65280,63512,-1,1835118,0,0,0,0,0,146,0,
3 февраля 2016 г. 15:05:55Mini,3276801,0,0,148,0,84,0,0,0,0,0,62,16,0,0,93,23552,63514,-1,704650346,0,0,0,3584,26,0,0,
3 февраля 2016 г. 15:05:56Mini,3670017,0,0,152,0,84,0,0,0,0,0,72,16,0,0,89,11776,63517,-1,1694506092,0,0,0,1024,26,0,0,
3 февраля 2016 г. 15:05:56Mini,29868,1,0,68,6410,0,1,56,6470,0,0,1,0,62,0,6530,0,1,76,1687040,256,0,52,64000,25,0,0,
3 февраля 2016 г. 15:06:08Norm,-87,30,85,6690,1,0,72,0,146,0,80,0,0,0,0,0,0,0,4152,0,99,0,-520979,112,28,0,0,0,0,0,0,0,0,0,0,0,0,
3 февраля 2016 г. 15:17:40Mini,7380,1,0,50,0,126,0,80,0,0,0,0,0,0,0,4158,0,102,0,-572764,7276,0,144,0,0,0,0,
3 февраля 2016 г. 15:17:41Mini,7370,1,0,58,0,144,0,88,0,0,0,0,0,0,0,4163,0,91,0,-572042,7280,0,186,0,0,0,0,
3 февраля 2016 г. 15:17:41Mini,7360,1,0,62,0,146,0,86,0,0,0,0,0,0,0,4163,0,94,0,-571317,7280,0,126,0,0,0,0,
3 февраля 2016 г. 15:17:42Mini,7168,0,0,0,0,148,0,76,0,0,0,0,0,0,0,4158,0,94,0,-570557,7280,0,20,0,0,0,0,
3 февраля 2016 г. 15:17:42Mini,4784156,0,0,0,7400,0,1,70,0,-120,0,0,0,86,0,0,0,0,0,1065728,24576,0,0,15586,247,255,112,
3 февраля 2016 г. 15:17:42Mini,9437212,0,0,0,7390,0,1,64,0,-122,0,0,0,86,0,0,0,0,0,1065728,23808,0,0,16305,247,255,106,
3 февраля 2016 г. 15:17:43Mini,12189724,0,0,0,7380,0,1,50,0,126,0,0,0,80,0,0,0,0,0,1064448,26112,0,0,17060,247,255,108,
3 февраля 2016 г. 15:17:43Mini,7310,1,0,52,7370,0,1,58,0,-112,0,0,0,88,0,0,0,0,0,1065728,23296,0,0,17782,247,255,112,
3 февраля 2016 г. 15:17:44Mini,1310748,0,0,0,7360,0,1,62,0,-110,0,0,0,86,0,0,0,0,0,1065728,24064,0,0,18507,247,255,112,
3 февраля 2016 г. 15:17:44Mini,3791650912,60,-9,28927,7168,0,0,0,0,-108,0,0,0,76,0,0,0,0,0,1064448,24064,0,0,19267,247,255,112,
3 февраля 2016 г. 15:17:45Mini,2969567325,63,-9,27391,28,73,0,0,7400,0,0,1,0,70,0,0,136,0,86,0,0,0,0,17152,16,0,0,
3 февраля 2016 г. 15:17:45Mini,2751463526,66,-9,27903,28,144,0,0,7390,0,0,1,0,64,0,0,134,0,86,0,0,0,0,17152,16,0,0,
3 февраля 2016 г. 15:17:46Mini,1979711579,69,-9,28927,28,186,0,0,7380,0,0,1,0,50,0,0,126,0,80,0,0,0,0,15872,16,0,0,
3 февраля 2016 г. 15:17:46Mini,7250,1,0,74,7310,0,1,52,7370,0,0,1,0,58,0,0,144,0,88,0,0,0,0,17152,16,0,0,
3 февраля 2016 г. 15:17:47Mini,0,67,16,0,93,45312,63295,27391,28,73,0,0,0,0,0,7400,0,1,70,-2013265920,0,0,86,0,0,0,0,
3 февраля 2016 г. 15:17:48Mini,0,62,16,0,102,41984,63298,27903,28,-112,0,0,0,0,0,7390,0,1,64,-2046820352,0,0,86,0,0,0,0,
3 февраля 2016 г. 15:17:48Mini,0,67,16,0,91,30208,63301,28927,28,-70,0,0,0,0,0,7380,0,1,50,2113929216,0,0,80,0,0,0,0,
3 февраля 2016 г. 15:17:49Mini,2248,1,0,60,7250,0,1,74,7310,0,0,1,0,52,0,7370,0,1,58,-1879048192,0,0,88,0,0,0,0,
3 февраля 2016 г. 15:17:49Mini,0,62,16,0,94,17152,63307,28927,28,20,0,0,0,0,0,7360,0,1,62,-1845493760,0,0,86,0,0,0,0,
3 февраля 2016 г. 15:17:50Mini,5636096,0,0,0,0,0,4163,0,96,0,-30,60,-9,-1,112,7168,0,0,0,-1811939328,0,0,76,0,0,0,0,
3 февраля 2016 г. 15:17:50Mini,5636096,0,0,0,0,0,4163,0,93,0,-79,63,-9,-1,106,28,73,0,0,1894400,256,0,70,0,0,136,0,
3 февраля 2016 г. 15:17:52Mini,4587521,0,0,136,0,86,0,0,0,0,0,67,16,0,0,96,57856,63292,-1,1835120,0,0,0,61952,28,0,0,
3 февраля 2016 г. 15:17:53Mini,4194305,0,0,134,0,86,0,0,0,0,0,67,16,0,0,93,45312,63295,-1,1224744042,0,0,0,59392,28,0,0,
3 февраля 2016 г. 15:17:53Mini,3276801,0,0,126,0,80,0,0,0,0,0,62,16,0,0,102,41984,63298,-1,-1879040916,0,0,0,56832,28,0,0,
3 февраля 2016 г. 15:17:53Mini,3801089,0,0,144,0,88,0,0,0,0,0,67,16,0,0,91,30208,63301,-1,-1174397840,0,0,0,54272,28,0,0,
3   D52@0;O  2 0 1 6   3.   1 5 : 3 0 : 3 4 , Norm,-87,31,76,8190,1,0,58,0,142,0,88,0,0,0,0,0,0,0,4163,0,81,0,-634646,108,28,0,0,0,0,0,0,0,0,0,0,0,0,
3   D52@0;O  2 0 1 6   3.   1 5 : 3 0 : 3 7 , Mini,8190,1,0,78,0,136,0,80,0,0,0,0,0,0,0,4158,0,111,0,-634646,7284,0,20,0,0,0,0,
3   D52@0;O  2 0 1 6   3.   1 5 : 3 0 : 3 7 , Mini,8180,1,0,68,0,132,0,84,0,0,0,0,0,0,0,4163,0,89,0,-633917,7276,0,207,0,0,0,0,
3   D52@0;O  2 0 1 6   3.   1 5 : 3 0 : 3 8 , Mini,8170,1,0,54,0,124,0,84,0,0,0,0,0,0,0,4163,0,107,0,-633202,7280,0,185,0,0,0,0,
3   D52@0;O  2 0 1 6   3.   1 5 : 3 0 : 3 8 , Mini,8160,1,0,56,0,136,0,86,0,0,0,0,0,0,0,4163,0,95,0,-632446,7282,0,243,0,0,0,0,
3   D52@0;O  2 0 1 6   3.   1 5 : 3 0 : 3 9 , Mini,8150,1,0,60,0,150,0,86,0,0,0,0,0,0,0,4158,0,93,0,-631717,110,28,0,0,0,0,0,
3   D52@0;O  2 0 1 6   3.   1 5 : 3 0 : 3 9 , Mini,1310748,0,0,0,0,148,0,84,0,0,0,0,0,0,0,4158,0,94,0,-631003,7278,0,98,0,0,0,0,
3   D52@0;O  2 0 1 6   3.   1 5 : 3 0 : 4 0 , Mini,15925276,0,0,0,8170,0,1,54,0,124,0,0,0,84,0,0,0,0,0,1065728,27392,0,0,22158,246,255,112,
3   D52@0;O  2 0 1 6   3.   1 5 : 3 0 : 4 1 , Mini,7168,0,0,0,8160,0,1,56,0,-120,0,0,0,86,0,0,0,0,0,1065728,24320,0,0,22914,246,255,114,
3   D52@0;O  2 0 1 6   3.   1 5 : 3 0 : 4 1 , Mini,6422556,0,0,0,8150,0,1,60,0,-106,0,0,0,86,0,0,0,0,0,1064448,23808,0,0,23643,246,255,110,
3   D52@0;O  2 0 1 6   3.   1 5 : 3 0 : 4 2 , Mini,3925868655,80,-10,29951,28,20,0,0,0,-108,0,0,0,84,0,0,0,0,0,1064448,24064,0,0,24357,246,255,110,
3   D52@0;O  2 0 1 6   3.   1 5 : 3 0 : 4 2 , Mini,3271557209,83,-10,27903,28,207,0,0,8190,0,0,1,0,78,0,0,136,0,80,0,0,0,0,15872,16,0,0,
3   D52@0;O  2 0 1 6   3.   1 5 : 3 0 : 4 3 , Mini,2382364779,86,-10,28927,28,185,0,0,0,-106,0,0,0,86,0,0,0,0,0,1064448,23296,0,0,25958,246,255,110,
3   D52@0;O  2 0 1 6   3.   1 5 : 3 0 : 4 3 , Mini,2181038175,89,-10,29439,28,243,0,0,8170,0,0,1,0,54,0,0,124,0,84,0,0,0,0,17152,16,0,0,
3   D52@0;O  2 0 1 6   3.   1 5 : 3 0 : 4 3 , Mini,1526726749,92,-10,28415,7168,0,0,0,8160,0,0,1,0,56,0,0,136,0,86,0,0,0,0,17152,16,0,0,
3   D52@0;O  2 0 1 6   3.   1 5 : 3 0 : 4 4 , Mini,0,77,16,0,91,5888,63055,28927,7168,0,0,0,0,0,0,0,150,0,86,0,0,0,0,15872,16,0,0,
3   D52@0;O  2 0 1 6   3.   1 5 : 3 0 : 4 4 , Mini,0,62,16,0,111,59904,63056,29951,28,20,0,0,0,0,0,8200,0,1,56,-2013265920,0,0,86,0,0,0,0,
3   D52@0;O  2 0 1 6   3.   1 5 : 3 0 : 4 5 , Mini,0,67,16,0,107,36352,63062,28927,28,-71,0,0,0,0,0,0,150,0,86,0,0,0,0,15872,16,0,0,
3   D52@0;O  2 0 1 6   3.   1 5 : 3 0 : 4 6 , Mini,0,67,16,0,95,33280,63065,29439,28,-13,0,0,0,0,0,8170,0,1,54,2080374784,0,0,84,0,0,0,0,
3   D52@0;O  2 0 1 6   3.   1 5 : 3 0 : 4 6 , Mini,0,62,16,0,93,23296,63068,28415,7168,0,0,0,0,0,0,8160,0,1,56,-2013265920,0,0,86,0,0,0,0,
3   D52@0;O  2 0 1 6   3.   1 5 : 3 0 : 4 7 , Mini,5636096,0,0,0,0,0,4173,0,91,0,23,79,-10,-1,112,7168,0,0,0,-1778384896,0,0,86,0,0,0,0,
3   D52@0;O  2 0 1 6   3.   1 5 : 3 0 : 4 7 , Mini,5242880,0,0,0,0,0,4158,0,111,0,-22,80,-10,-1,116,28,20,0,0,2099200,256,0,56,0,0,136,0,
3   D52@0;O  2 0 1 6   3.   1 5 : 3 0 : 4 7 , Mini,5505024,0,0,0,0,0,4163,0,89,0,-61,83,-10,-1,108,28,207,0,0,2096640,256,0,78,0,0,136,0,
3   D52@0;O  2 0 1 6   3.   1 5 : 3 0 : 4 8 , Mini,5505024,0,0,0,0,0,4163,0,107,0,-114,86,-10,-1,112,28,185,0,0,-1778384896,0,0,86,0,0,0,0,
3   D52@0;O  2 0 1 6   3.   1 5 : 3 0 : 4 8 , Mini,5636096,0,0,0,0,0,4163,0,95,0,-126,89,-10,-1,114,28,243,0,0,2091520,256,0,54,0,0,124,0,
3   D52@0;O  2 0 1 6   3.   1 5 : 3 0 : 4 9 , Mini,5636096,0,0,0,0,0,4158,0,93,0,91,92,-10,-1,110,7168,0,0,0,2088960,256,0,56,0,0,136,0,
3   D52@0;O  2 0 1 6   3.   1 5 : 3 0 : 4 9 , Mini,3670017,0,0,136,0,86,0,0,0,0,0,77,16,0,0,91,5888,63055,-1,1835120,0,0,0,0,0,150,0,
3   D52@0;O  2 0 1 6   3.   1 5 : 3 0 : 5 0 , Mini,5111809,0,0,136,0,80,0,0,0,0,0,62,16,0,0,111,59904,63056,-1,335551604,0,0,0,2048,32,0,0,
3   D52@0;O  2 0 1 6   3.   1 5 : 3 0 : 5 0 , Mini,4456449,0,0,132,0,84,0,0,0,0,0,67,16,0,0,89,49920,63059,-1,-822076308,0,0,0,65024,31,0,0,
3   D52@0;O  2 0 1 6   3.   1 5 : 3 0 : 5 1 , Mini,3538945,0,0,124,0,84,0,0,0,0,0,67,16,0,0,107,36352,63062,-1,-1191175056,0,0,0,0,0,150,0,
0 3 . 0 2 . 2 0 1 6   1 5 : 3 3 : 2 5 , Mini,8350,1,0,74,0,128,0,82,0,0,0,0,0,0,0,4158,0,87,0,-647973,7282,0,175,0,0,0,0,
0 3 . 0 2 . 2 0 1 6   1 5 : 3 3 : 2 5 , Mini,8340,1,0,68,0,136,0,82,0,0,0,0,0,0,0,4163,0,94,0,-647217,7288,0,120,0,0,0,0,
0 3 . 0 2 . 2 0 1 6   1 5 : 3 3 : 2 6 , Mini,8330,1,0,76,0,134,0,82,0,0,0,0,0,0,0,4163,0,88,0,-646491,7282,0,128,0,0,0,0,
0 3 . 0 2 . 2 0 1 6   1 5 : 3 3 : 2 6 , Mini,8320,1,0,60,0,148,0,86,0,0,0,0,0,0,0,4158,0,94,0,-645778,7280,0,45,0,0,0,0,
0 3 . 0 2 . 2 0 1 6   1 5 : 3 3 : 2 7 , Mini,7168,0,0,0,0,150,0,78,0,0,0,0,0,0,0,4163,0,95,0,-645004,7284,0,252,0,0,0,0,
0 3 . 0 2 . 2 0 1 6   1 5 : 3 3 : 2 7 , Mini,8300,1,0,68,8360,0,1,78,0,-120,0,0,0,82,0,0,0,0,0,1065728,26624,0,0,6551,246,255,108,
0 3 . 0 2 . 2 0 1 6   1 5 : 3 3 : 2 8 , Mini,7864348,0,0,0,8350,0,1,74,0,-128,0,0,0,82,0,0,0,0,0,1064448,22272,0,0,7387,246,255,114,
0 3 . 0 2 . 2 0 1 6   1 5 : 3 3 : 2 8 , Mini,8388636,0,0,0,8340,0,1,68,0,-120,0,0,0,82,0,0,0,0,0,1065728,24064,0,0,8143,246,255,120,
0 3 . 0 2 . 2 0 1 6   1 5 : 3 3 : 2 8 , Mini,2949148,0,0,0,8330,0,1,76,0,-122,0,0,0,82,0,0,0,0,0,1065728,22528,0,0,8869,246,255,114,
0 3 . 0 2 . 2 0 1 6   1 5 : 3 3 : 2 9 , Mini,50331731,24,-10,27391,28,66,0,0,0,-108,0,0,0,86,0,0,0,0,0,1064448,24064,0,0,9582,246,255,112,
0 3 . 0 2 . 2 0 1 6   1 5 : 3 3 : 2 9 , Mini,2533359720,25,-10,27903,7168,0,0,0,8370,0,0,1,0,60,0,0,148,0,86,0,0,0,0,17152,16,0,0,
0 3 . 0 2 . 2 0 1 6   1 5 : 3 3 : 3 0 , Mini,8240,1,0,54,8300,0,1,68,8360,0,0,1,0,78,0,0,136,0,82,0,0,0,0,17152,16,0,0,
0 3 . 0 2 . 2 0 1 6   1 5 : 3 3 : 3 0 , Mini,3472883806,31,-10,30975,28,120,0,0,8350,0,0,1,0,74,0,0,128,0,82,0,0,0,0,15872,16,0,0,
0 3 . 0 2 . 2 0 1 6   1 5 : 3 3 : 3 1 , Mini,2768240728,34,-10,29439,28,128,0,0,8340,0,0,1,0,68,0,0,136,0,82,0,0,0,0,17152,16,0,0,
0 3 . 0 2 . 2 0 1 6   1 5 : 3 3 : 3 1 , Mini,1845493854,37,-10,28927,28,45,0,0,8330,0,0,1,0,76,0,0,134,0,82,0,0,0,0,17152,16,0,0,
0 3 . 0 2 . 2 0 1 6   1 5 : 3 3 : 3 1 , Mini,0,67,16,0,83,768,63000,27391,28,66,0,0,0,0,0,0,148,0,86,0,0,0,0,15872,16,0,0,
0 3 . 0 2 . 2 0 1 6   1 5 : 3 3 : 3 2 , Mini,0,67,16,0,104,38656,63001,27903,7168,0,0,0,0,0,0,8370,0,1,60,-1811939328,0,0,86,0,0,0,0,
0 3 . 0 2 . 2 0 1 6   1 5 : 3 3 : 3 2 , Mini,8180,1,0,68,8240,0,1,54,8300,0,0,1,0,68,0,8360,0,1,78,-2013265920,0,0,82,0,0,0,0,
0 3 . 0 2 . 2 0 1 6   1 5 : 3 3 : 3 3 , Mini,0,67,16,0,94,52992,63007,30975,28,120,0,0,0,0,0,8350,0,1,74,-2147483648,0,0,82,0,0,0,0,
0 3 . 0 2 . 2 0 1 6   1 5 : 3 3 : 3 3 , Mini,0,67,16,0,88,42240,63010,29439,28,-128,0,0,0,0,0,8340,0,1,68,-2013265920,0,0,82,0,0,0,0,
0 3 . 0 2 . 2 0 1 6   1 5 : 3 3 : 3 4 , Mini,0,62,16,0,94,28160,63013,28927,28,45,0,0,0,0,0,8330,0,1,76,-2046820352,0,0,82,0,0,0,0,
0 3 . 0 2 . 2 0 1 6   1 5 : 3 3 : 3 4 , Mini,5636096,0,0,0,0,0,4163,0,83,0,3,24,-10,-1,106,28,66,0,0,-1811939328,0,0,86,0,0,0,0,
0 3 . 0 2 . 2 0 1 6   1 5 : 3 3 : 3 5 , Mini,5373952,0,0,0,0,0,4163,0,104,0,-105,25,-10,-1,108,7168,0,0,0,2142720,256,0,60,0,0,148,0,
0 3 . 0 2 . 2 0 1 6   1 5 : 3 3 : 3 5 , Mini,5373952,0,0,0,0,0,4158,0,87,0,-37,28,-10,-1,114,28,175,0,0,-629504,7278,0,80,0,0,0,0,
0 3 . 0 2 . 2 0 1 6   1 5 : 3 3 : 3 5 , Mini,5373952,0,0,0,0,0,4163,0,94,0,-49,31,-10,-1,120,28,120,0,0,2137600,256,0,74,0,0,128,0,
0 3 . 0 2 . 2 0 1 6   1 5 : 3 3 : 3 6 , Mini,5373952,0,0,0,0,0,4163,0,88,0,-91,34,-10,-1,114,28,128,0,0,2135040,256,0,68,0,0,136,0,
0 3 . 0 2 . 2 0 1 6   1 5 : 3 3 : 3 7 , Mini,3932161,0,0,148,0,86,0,0,0,0,0,67,16,0,0,83,768,63000,-1,1107303530,0,0,0,0,0,148,0,
0 3 . 0 2 . 2 0 1 6   1 5 : 3 3 : 3 7 , Mini,5111809,0,0,136,0,82,0,0,0,0,0,67,16,0,0,104,38656,63001,-1,1835116,0,0,0,45568,32,0,0,
0 3 . 0 2 . 2 0 1 6   1 5 : 3 3 : 3 8 , Mini,4849665,0,0,128,0,82,0,0,0,0,0,62,16,0,0,87,56064,63004,-1,-1358947214,0,0,0,25856,246,255,110,
0 3 . 0 2 . 2 0 1 6   1 5 : 3 3 : 3 8 , Mini,4456449,0,0,136,0,82,0,0,0,0,0,67,16,0,0,94,52992,63007,-1,2013273208,0,0,0,40448,32,0,0,
0 3 . 0 2 . 2 0 1 6   1 5 : 3 5 : 2 5 , Norm,-87,31,85,8490,1,0,62,0,150,0,84,0,0,0,0,0,0,0,4163,0,110,0,-659736,110,28,0,0,0,0,0,0,0,0,0,0,0,0,
0 3 . 0 2 . 2 0 1 6   1 5 : 3 5 : 5 4 , Norm,-87,31,76,8520,1,0,60,0,148,0,86,0,0,0,0,0,0,0,4168,0,80,0,-661949,108,28,0,0,0,0,0,0,0,0,0,0,0,0,
0 3 . 0 2 . 2 0 1 6   1 5 : 3 6 : 2 3 , Norm,-87,31,58,8550,1,0,68,0,130,0,86,0,0,0,0,0,0,0,4163,0,94,0,-664159,114,28,0,0,0,0,0,0,0,0,0,0,0,0,
0 3 . 0 2 . 2 0 1 6   1 5 : 3 6 : 5 3 , Norm,-87,31,76,8580,1,0,76,0,140,0,74,0,0,0,0,0,0,0,4163,0,98,0,-666482,112,28,0,0,0,0,0,0,0,0,0,0,0,0,
0 3 . 0 2 . 2 0 1 6   1 5 : 3 7 : 2 2 , Norm,-87,31,85,8610,1,0,52,0,122,0,84,0,0,0,0,0,0,0,4163,0,90,0,-668798,106,28,0,0,0,0,0,0,0,0,0,0,0,0,
0 3 . 0 2 . 2 0 1 6   1 5 : 3 7 : 5 1 , Norm,-87,30,76,8640,1,0,72,0,128,0,76,0,0,0,0,0,0,0,4163,0,95,0,-670981,116,28,0,0,0,0,0,0,0,0,0,0,0,0,
0 3 . 0 2 . 2 0 1 6   1 5 : 3 8 : 2 0 , Norm,-87,31,76,8670,1,0,68,0,146,0,84,0,0,0,0,0,0,0,4163,0,107,0,-673197,114,28,0,0,0,0,0,0,0,0,0,0,0,0,
0 3 . 0 2 . 2 0 1 6   1 5 : 3 8 : 5 0 , Norm,-87,31,85,8700,1,0,58,0,142,0,88,0,0,0,0,0,0,0,4158,0,96,0,-675413,112,28,0,0,0,0,0,0,0,0,0,0,0,0,
0 3 . 0 2 . 2 0 1 6   1 5 : 3 9 : 1 9 , Norm,-87,31,85,8730,1,0,80,0,148,0,82,0,0,0,0,0,0,0,4158,0,93,0,-677752,110,28,0,0,0,0,0,0,0,0,0,0,0,0,
0 3 . 0 2 . 2 0 1 6   1 5 : 3 9 : 4 8 , Norm,-87,31,85,8760,1,0,62,0,148,0,86,0,0,0,0,0,0,0,4168,0,99,0,-679952,114,28,0,0,0,0,0,0,0,0,0,0,0,0,
0 3 . 0 2 . 2 0 1 6   1 5 : 4 0 : 1 8 , Norm,-87,31,85,8790,1,0,66,0,142,0,78,0,0,0,0,0,0,0,4168,0,88,0,-682286,110,28,0,0,0,0,0,0,0,0,0,0,0,0,
0 3 . 0 2 . 2 0 1 6   1 5 : 4 0 : 4 7 , Norm,-87,31,76,8820,1,0,50,0,148,0,84,0,0,0,0,0,0,0,4163,0,88,0,-684580,106,28,0,0,0,0,0,0,0,0,0,0,0,0,
0 3 . 0 2 . 2 0 1 6   1 5 : 4 1 : 1 6 , Norm,-87,31,85,8850,1,0,54,0,148,0,74,0,0,0,0,0,0,0,4163,0,97,0,-686693,108,28,0,0,0,0,0,0,0,0,0,0,0,0,
0 3 . 0 2 . 2 0 1 6   1 5 : 4 1 : 4 5 , Norm,-87,31,85,8880,1,0,56,0,152,0,84,0,0,0,0,0,0,0,4163,0,93,0,-689104,112,28,0,0,0,0,0,0,0,0,0,0,0,0,
0 3 . 0 2 . 2 0 1 6   1 5 : 4 2 : 1 5 , Norm,-87,31,85,8910,1,0,56,0,136,0,86,0,0,0,0,0,0,0,4158,0,93,0,-691323,110,28,0,0,0,0,0,0,0,0,0,0,0,0,
0 3 . 0 2 . 2 0 1 6   1 5 : 4 3 : 5 0 , Norm,-87,31,76,30,1,0,52,0,124,0,84,0,0,0,0,0,0,0,4158,0,93,0,-698480,108,28,0,0,0,0,0,0,0,0,0,0,0,0,
0 3 . 0 2 . 2 0 1 6   1 5 : 4 3 : 5 4 , Mini,30,1,0,52,0,124,0,84,0,0,0,0,0,0,0,4158,0,93,0,-698480,108,28,0,0,0,0,0,
0 3 . 0 2 . 2 0 1 6   1 5 : 4 3 : 5 4 , Mini,20,1,0,56,0,136,0,84,0,0,0,0,0,0,0,4152,0,93,0,-697767,112,28,0,0,0,0,0,
0 3 . 0 2 . 2 0 1 6   1 5 : 4 3 : 5 5 , Mini,10,1,0,60,0,150,0,86,0,0,0,0,0,0,0,4158,0,94,0,-697059,110,28,0,0,0,0,0,
0 3 . 0 2 . 2 0 1 6   1 5 : 4 3 : 5 5 , Mini,8960,1,0,74,0,140,0,76,0,0,0,0,0,0,0,4152,0,94,0,-695056,112,28,0,0,0,0,0,
0 3 . 0 2 . 2 0 1 6   1 5 : 4 3 : 5 6 , Mini,8950,1,0,72,0,126,0,74,0,0,0,0,0,0,0,4163,0,101,0,-694239,7284,0,81,0,0,0,0,
0 3 . 0 2 . 2 0 1 6   1 5 : 4 3 : 5 6 , Mini,8940,1,0,76,0,136,0,80,0,0,0,0,0,0,0,4163,0,101,0,-693510,7278,0,253,0,0,0,0,
0 3 . 0 2 . 2 0 1 6   1 5 : 4 3 : 5 7 , Mini,7168,0,0,0,30,0,1,52,0,124,0,0,0,84,0,0,0,0,0,1064448,23808,0,0,22416,245,255,108,
0 3 . 0 2 . 2 0 1 6   1 5 : 4 3 : 5 7 , Mini,7168,0,0,0,20,0,1,56,0,-120,0,0,0,84,0,0,0,0,0,1062912,23808,0,0,23129,245,255,112,
0 3 . 0 2 . 2 0 1 6   1 5 : 4 3 : 5 8 , Mini,7168,0,0,0,10,0,1,60,0,-106,0,0,0,86,0,0,0,0,0,1064448,24064,0,0,23837,245,255,110,
0 3 . 0 2 . 2 0 1 6   1 5 : 4 3 : 5 8 , Mini,5308444,0,0,0,8960,0,1,74,0,-116,0,0,0,76,0,0,0,0,0,1062912,24064,0,0,25840,245,255,112,
0 3 . 0 2 . 2 0 1 6   1 5 : 4 3 : 5 9 , Mini,16580636,0,0,0,8950,0,1,72,0,126,0,0,0,74,0,0,0,0,0,1065728,25856,0,0,26657,245,255,116,
0 3 . 0 2 . 2 0 1 6   1 5 : 4 3 : 5 9 , Mini,8880,1,0,56,8940,0,1,76,0,-120,0,0,0,80,0,0,0,0,0,1065728,25856,0,0,27386,245,255,110,
0 3 . 0 2 . 2 0 1 6   1 5 : 4 4 : 0 0 , Mini,1493172317,90,-11,28927,7168,0,0,0,30,0,0,1,0,52,0,0,124,0,84,0,0,0,0,15872,16,0,0,
0 3 . 0 2 . 2 0 1 6   1 5 : 4 4 : 0 0 , Mini,486539358,93,-11,28415,7168,0,0,0,20,0,0,1,0,56,0,0,136,0,84,0,0,0,0,14336,16,0,0,
0 3 . 0 2 . 2 0 1 6   1 5 : 4 4 : 0 1 , Mini,4026531934,100,-11,28927,7168,0,0,0,10,0,0,1,0,60,0,0,150,0,86,0,0,0,0,15872,16,0,0,
0 3 . 0 2 . 2 0 1 6   1 5 : 4 4 : 0 1 , Mini,553648229,104,-11,29951,28,81,0,0,8960,0,0,1,0,74,0,0,140,0,76,0,0,0,0,14336,16,0,0,
0 3 . 0 2 . 2 0 1 6   1 5 : 4 4 : 0 2 , Mini,0,62,16,0,99,54272,62805,28415,7168,0,0,0,0,0,0,0,126,0,74,0,0,0,0,17152,16,0,0,
0 3 . 0 2 . 2 0 1 6   1 5 : 4 4 : 0 2 , Mini,8820,1,0,50,8880,0,1,56,8940,0,0,1,0,76,0,40,0,1,66,-1946157056,0,0,86,0,0,0,0,
0 3 . 0 2 . 2 0 1 6   1 5 : 4 4 : 0 3 , Mini,0,62,16,0,94,7424,62813,28415,7168,0,0,0,0,0,0,20,0,1,56,-2013265920,0,0,84,0,0,0,0,
0 3 . 0 2 . 2 0 1 6   1 5 : 4 4 : 0 4 , Mini,0,56,16,0,94,61440,62820,28927,7168,0,0,0,0,0,0,10,0,1,60,-1778384896,0,0,86,0,0,0,0,
0 3 . 0 2 . 2 0 1 6   1 5 : 4 4 : 0 4 , Mini,0,67,16,0,101,8448,62824,29951,28,81,0,0,0,0,0,8960,0,1,74,-1946157056,0,0,76,0,0,0,0,
0 3 . 0 2 . 2 0 1 6   1 5 : 4 4 : 0 5 , Mini,5636096,0,0,0,0,0,4158,0,99,0,-44,85,-11,-1,110,7168,0,0,0,2113929216,0,0,74,0,0,0,0,
0 3 . 0 2 . 2 0 1 6   1 5 : 4 4 : 0 6 , Mini,5505024,0,0,0,0,0,4152,0,93,0,89,90,-11,-1,112,7168,0,0,0,7680,256,0,52,0,0,124,0,
0 3 . 0 2 . 2 0 1 6   1 5 : 4 4 : 0 7 , Mini,4849664,0,0,0,0,0,4163,0,101,0,33,104,-11,-1,116,28,81,0,0,2293760,256,0,74,0,0,140,0,
0 3 . 0 2 . 2 0 1 6   1 5 : 4 4 : 0 8 , Mini,3670017,0,0,136,0,84,0,0,0,0,0,56,16,0,0,93,22784,62810,-1,1835120,0,0,0,7680,0,0,0,
0 3 . 0 2 . 2 0 1 6   1 5 : 4 4 : 0 9 , Mini,3932161,0,0,150,0,86,0,0,0,0,0,62,16,0,0,94,7424,62813,-1,1835118,0,0,0,5120,0,0,0,
0 4 . 0 2 . 2 0 1 6   1 1 : 1 2 : 4 5 , Norm,-112,25,0,60,1,0,80,0,138,0,82,0,0,0,0,0,0,0,4179,0,86,0,-4297,116,28,0,0,0,0,0,0,0,0,0,0,0,0,
0 4 . 0 2 . 2 0 1 6   1 1 : 1 3 : 1 0 , Mini,80,1,0,76,0,142,0,78,0,0,0,0,0,0,0,4179,0,96,0,-5771,112,28,0,0,0,0,0,
0 4 . 0 2 . 2 0 1 6   1 1 : 1 3 : 1 1 , Mini,70,1,0,74,0,130,0,76,0,0,0,0,0,0,0,4179,0,99,0,-5042,112,28,0,0,0,0,0,
0 4 . 0 2 . 2 0 1 6   1 1 : 1 3 : 1 1 , Mini,60,1,0,80,0,138,0,82,0,0,0,0,0,0,0,4179,0,86,0,-4297,116,28,0,0,0,0,0,
0 4 . 0 2 . 2 0 1 6   1 1 : 1 3 : 1 2 , Mini,50,1,0,68,0,136,0,88,0,0,0,0,0,0,0,4173,0,73,0,-3471,110,28,0,0,0,0,0,
0 4 . 0 2 . 2 0 1 6   1 1 : 1 3 : 1 2 , Mini,40,1,0,54,0,126,0,86,0,0,0,0,0,0,0,4163,0,94,0,-2753,112,28,0,0,0,0,0,
0 4 . 0 2 . 2 0 1 6   1 1 : 1 3 : 1 3 , Mini,30,1,0,58,0,140,0,90,0,0,0,0,0,0,0,4173,0,113,0,-2030,116,28,0,0,0,0,0,
0 4 . 0 2 . 2 0 1 6   1 1 : 1 3 : 1 3 , Mini,20,1,0,82,0,156,0,88,0,0,0,0,0,0,0,4168,0,93,0,-1280,108,28,0,0,0,0,0,
0 4 . 0 2 . 2 0 1 6   1 1 : 1 3 : 1 4 , Mini,10,1,0,76,0,142,0,78,0,0,0,0,0,0,0,4173,0,83,0,-549,7168,0,155,0,0,0,0,
0 4 . 0 2 . 2 0 1 6   1 1 : 1 3 : 1 5 , Mini,3050,1,0,72,0,134,0,86,0,0,0,0,0,0,0,4163,0,65,0,-156045,84,28,0,0,0,0,0,
0 4 . 0 2 . 2 0 1 6   1 1 : 1 3 : 1 5 , Mini,3040,1,0,58,0,142,0,84,0,0,0,0,0,0,0,4163,0,57,0,-155589,82,28,0,0,0,0,0,
0 4 . 0 2 . 2 0 1 6   1 1 : 1 3 : 1 6 , Mini,3030,1,0,70,0,140,0,90,0,0,0,0,0,0,0,4158,0,60,0,-155068,80,28,0,0,0,0,0,
0 4 . 0 2 . 2 0 1 6   1 1 : 1 3 : 1 6 , Mini,3020,1,0,60,0,152,0,88,0,0,0,0,0,0,0,4163,0,64,0,-154611,78,28,0,0,0,0,0,
0 4 . 0 2 . 2 0 1 6   1 1 : 1 3 : 1 7 , Mini,3010,1,0,68,0,140,0,78,0,0,0,0,0,0,0,4158,0,59,0,-154159,84,28,0,0,0,0,0,
0 4 . 0 2 . 2 0 1 6   1 1 : 1 3 : 1 8 , Mini,3000,1,0,72,0,146,0,86,0,0,0,0,0,0,0,4163,0,59,0,-153706,84,28,0,0,0,0,0,
0 4 . 0 2 . 2 0 1 6   1 1 : 1 3 : 1 8 , Mini,2990,1,0,76,0,132,0,82,0,0,0,0,0,0,0,4163,0,59,0,-153255,80,28,0,0,0,0,0,
0 4 . 0 2 . 2 0 1 6   1 1 : 1 3 : 1 9 , Mini,2980,1,0,74,0,142,0,86,0,0,0,0,0,0,0,4158,0,59,0,-152736,80,28,0,0,0,0,0,
0 4 . 0 2 . 2 0 1 6   1 1 : 1 3 : 1 9 , Mini,2970,1,0,76,0,136,0,84,0,0,0,0,0,0,0,4163,0,59,0,-152283,82,28,0,0,0,0,0,
0 4 . 0 2 . 2 0 1 6   1 1 : 1 3 : 2 0 , Mini,2960,1,0,74,0,126,0,84,0,0,0,0,0,0,0,4158,0,59,0,-151826,80,28,0,0,0,0,0,
0 4 . 0 2 . 2 0 1 6   1 1 : 1 3 : 2 0 , Mini,2950,1,0,76,0,140,0,88,0,0,0,0,0,0,0,4163,0,59,0,-151375,76,28,0,0,0,0,0,
0 4 . 0 2 . 2 0 1 6   1 1 : 1 3 : 2 1 , Mini,2940,1,0,74,0,130,0,90,0,0,0,0,0,0,0,4163,0,60,0,-150922,76,28,0,0,0,0,0,
0 4 . 0 2 . 2 0 1 6   1 1 : 1 3 : 2 2 , Mini,2930,1,0,62,0,142,0,86,0,0,0,0,0,0,0,4163,0,58,0,-150469,82,28,0,0,0,0,0,
0 4 . 0 2 . 2 0 1 6   1 1 : 1 3 : 2 2 , Mini,2920,1,0,68,0,134,0,88,0,0,0,0,0,0,0,4163,0,60,0,-150012,82,28,0,0,0,0,0,
0 4 . 0 2 . 2 0 1 6   1 1 : 1 3 : 2 3 , Mini,2910,1,0,70,0,152,0,84,0,0,0,0,0,0,0,4158,0,64,0,-149492,82,28,0,0,0,0,0,
0 4 . 0 2 . 2 0 1 6   1 1 : 1 3 : 2 3 , Mini,2900,1,0,62,0,154,0,84,0,0,0,0,0,0,0,4163,0,59,0,-149039,84,28,0,0,0,0,0,
0 4 . 0 2 . 2 0 1 6   1 1 : 1 3 : 2 4 , Mini,2890,1,0,68,0,150,0,86,0,0,0,0,0,0,0,4163,0,58,0,-148583,80,28,0,0,0,0,0,
0 4 . 0 2 . 2 0 1 6   1 1 : 1 3 : 2 5 , Mini,2880,1,0,68,0,144,0,78,0,0,0,0,0,0,0,4163,0,59,0,-148128,82,28,0,0,0,0,0,
0 4 . 0 2 . 2 0 1 6   1 1 : 1 3 : 2 5 , Mini,2870,1,0,80,0,146,0,86,0,0,0,0,0,0,0,4163,0,55,0,-147673,82,28,0,0,0,0,0,
0 4 . 0 2 . 2 0 1 6   1 1 : 1 3 : 2 6 , Mini,2860,1,0,76,0,134,0,82,0,0,0,0,0,0,0,4163,0,60,0,-147220,78,28,0,0,0,0,0,
0 4 . 0 2 . 2 0 1 6   1 1 : 1 3 : 2 6 , Mini,2850,1,0,72,0,138,0,84,0,0,0,0,0,0,0,4163,0,58,0,-146766,80,28,0,0,0,0,0,
0 4 . 0 2 . 2 0 1 6   1 1 : 1 3 : 2 7 , Mini,2840,1,0,80,0,136,0,84,0,0,0,0,0,0,0,4158,0,59,0,-146310,80,28,0,0,0,0,0,
0 4 . 0 2 . 2 0 1 6   1 1 : 1 3 : 2 8 , Mini,2820,1,0,62,0,152,0,80,0,0,0,0,0,0,0,4158,0,57,0,-145332,80,28,0,0,0,0,0,
0 4 . 0 2 . 2 0 1 6   1 1 : 1 3 : 4 9 , Norm,-87,26,85,120,1,0,72,0,136,0,88,0,0,0,0,0,0,0,4173,0,91,0,-10319,116,28,0,0,0,0,0,0,0,0,0,0,0,0,
0 4 . 0 2 . 2 0 1 6   1 1 : 1 4 : 1 8 , Norm,-87,26,85,150,1,0,60,0,152,0,88,0,0,0,0,0,0,0,4179,0,84,0,-12595,110,28,0,0,0,0,0,0,0,0,0,0,0,0,
0 4 . 0 2 . 2 0 1 6   1 1 : 1 4 : 4 7 , Norm,-87,26,76,180,1,0,66,0,134,0,88,0,0,0,0,0,0,0,4173,0,102,0,-14750,112,28,0,0,0,0,0,0,0,0,0,0,0,0,
0 4 . 0 2 . 2 0 1 6   1 1 : 1 5 : 1 7 , Norm,-87,27,85,210,1,0,72,0,128,0,84,0,0,0,0,0,0,0,4168,0,103,0,-17077,108,28,0,0,0,0,0,0,0,0,0,0,0,0,
0 4 . 0 2 . 2 0 1 6   1 1 : 1 5 : 4 6 , Norm,-87,27,76,240,1,0,52,0,148,0,84,0,0,0,0,0,0,0,4173,0,101,0,-19261,114,28,0,0,0,0,0,0,0,0,0,0,0,0,
0 4 . 0 2 . 2 0 1 6   1 1 : 1 6 : 1 5 , Norm,-87,27,85,270,1,0,54,0,126,0,86,0,0,0,0,0,0,0,4168,0,93,0,-21554,114,28,0,0,0,0,0,0,0,0,0,0,0,0,
0 4 . 0 2 . 2 0 1 6   1 1 : 1 6 : 4 4 , Norm,-87,27,76,300,1,0,72,0,126,0,76,0,0,0,0,0,0,0,4168,0,112,0,-23758,112,28,0,0,0,0,0,0,0,0,0,0,0,0,
0 4 . 0 2 . 2 0 1 6   1 1 : 1 7 : 1 4 , Norm,-87,27,85,330,1,0,56,0,136,0,86,0,0,0,0,0,0,0,4173,0,76,0,-26052,120,28,0,0,0,0,0,0,0,0,0,0,0,0,
0 4 . 0 2 . 2 0 1 6   1 1 : 1 7 : 4 3 , Norm,-87,27,85,360,1,0,78,0,138,0,82,0,0,0,0,0,0,0,4168,0,103,0,-28224,114,28,0,0,0,0,0,0,0,0,0,0,0,0,
0 4 . 0 2 . 2 0 1 6   1 1 : 1 8 : 1 2 , Norm,-87,27,76,390,1,0,80,0,150,0,84,0,0,0,0,0,0,0,4163,0,91,0,-30412,114,28,0,0,0,0,0,0,0,0,0,0,0,0,
0 4 . 0 2 . 2 0 1 6   1 1 : 1 8 : 4 1 , Norm,-87,27,85,420,1,0,60,0,150,0,88,0,0,0,0,0,0,0,4173,0,92,0,-32692,112,28,0,0,0,0,0,0,0,0,0,0,0,0,
0 4 . 0 2 . 2 0 1 6   1 1 : 1 9 : 4 0 , Norm,-87,27,85,480,1,0,54,0,150,0,76,0,0,0,0,0,0,0,4173,0,81,0,-37139,108,28,0,0,0,0,0,0,0,0,0,0,0,0,
0 4 . 0 2 . 2 0 1 6   1 1 : 2 0 : 0 9 , Norm,-87,27,85,510,1,0,50,0,126,0,80,0,0,0,0,0,0,0,4163,0,79,0,-39309,112,28,0,0,0,0,0,0,0,0,0,0,0,0,
0 4 . 0 2 . 2 0 1 6   1 1 : 2 0 : 3 8 , Norm,-87,28,85,540,1,0,68,0,134,0,82,0,0,0,0,0,0,0,4168,0,99,0,-41492,114,28,0,0,0,0,0,0,0,0,0,0,0,0,
0 4 . 0 2 . 2 0 1 6   1 1 : 2 1 : 0 7 , Norm,-87,27,85,570,1,0,58,0,144,0,88,0,0,0,0,0,0,0,4173,0,65,0,-43778,110,28,0,0,0,0,0,0,0,0,0,0,0,0,
0 4 . 0 2 . 2 0 1 6   1 1 : 2 1 : 3 6 , Norm,-87,27,85,600,1,0,70,0,136,0,88,0,0,0,0,0,0,0,4173,0,103,0,-45996,110,28,0,0,0,0,0,0,0,0,0,0,0,0,
0 4 . 0 2 . 2 0 1 6   1 1 : 2 2 : 0 6 , Norm,-87,27,76,630,1,0,80,0,136,0,84,0,0,0,0,0,0,0,4173,0,68,0,-48277,106,28,0,0,0,0,0,0,0,0,0,0,0,0,
0 4 . 0 2 . 2 0 1 6   1 1 : 2 2 : 3 5 , Norm,-87,27,85,660,1,0,62,0,152,0,86,0,0,0,0,0,0,0,4168,0,107,0,-50464,110,28,0,0,0,0,0,0,0,0,0,0,0,0,
0 4 . 0 2 . 2 0 1 6   1 1 : 2 3 : 0 4 , Norm,-87,27,85,690,1,0,76,0,130,0,84,0,0,0,0,0,0,0,4168,0,97,0,-52760,112,28,0,0,0,0,0,0,0,0,0,0,0,0,
0 4 . 0 2 . 2 0 1 6   1 1 : 2 3 : 3 3 , Norm,-87,27,76,720,1,0,68,0,144,0,82,0,0,0,0,0,0,0,4163,0,97,0,-54986,114,28,0,0,0,0,0,0,0,0,0,0,0,0,
0 4 . 0 2 . 2 0 1 6   1 1 : 2 4 : 0 2 , Norm,-87,27,85,750,1,0,50,0,150,0,84,0,0,0,0,0,0,0,4179,0,97,0,-57175,108,28,0,0,0,0,0,0,0,0,0,0,0,0,
0 4 . 0 2 . 2 0 1 6   1 1 : 2 4 : 3 2 , Norm,-87,27,85,780,1,0,72,0,146,0,80,0,0,0,0,0,0,0,4163,0,95,0,-59466,110,28,0,0,0,0,0,0,0,0,0,0,0,0,
0 4 . 0 2 . 2 0 1 6   1 1 : 2 5 : 0 1 , Norm,-87,27,85,810,1,0,56,0,152,0,86,0,0,0,0,0,0,0,4168,0,84,0,-61642,112,28,0,0,0,0,0,0,0,0,0,0,0,0,
0 4 . 0 2 . 2 0 1 6   1 1 : 2 5 : 3 0 , Norm,-87,27,85,840,1,0,56,0,138,0,86,0,0,0,0,0,0,0,4173,0,73,0,-63913,110,28,0,0,0,0,0,0,0,0,0,0,0,0,
0 4 . 0 2 . 2 0 1 6   1 1 : 2 5 : 5 9 , Norm,-87,27,85,870,1,0,78,0,136,0,80,0,0,0,0,0,0,0,4168,0,64,0,-66108,110,28,0,0,0,0,0,0,0,0,0,0,0,0,
0 4 . 0 2 . 2 0 1 6   1 1 : 2 6 : 5 8 , Norm,-87,27,85,930,1,0,68,0,134,0,88,0,0,0,0,0,0,0,4168,0,100,0,-70538,114,28,0,0,0,0,0,0,0,0,0,0,0,0,
0 4 . 0 2 . 2 0 1 6   1 1 : 2 7 : 2 7 , Norm,-87,27,76,960,1,0,76,0,138,0,74,0,0,0,0,0,0,0,4168,0,85,0,-72689,110,28,0,0,0,0,0,0,0,0,0,0,0,0,
0 4 . 0 2 . 2 0 1 6   1 1 : 2 7 : 5 6 , Norm,-87,27,76,990,1,0,54,0,148,0,78,0,0,0,0,0,0,0,4173,0,93,0,-74878,106,28,0,0,0,0,0,0,0,0,0,0,0,0,
0 4 . 0 2 . 2 0 1 6   1 1 : 2 8 : 2 5 , Norm,-87,28,76,1020,1,0,72,0,128,0,76,0,0,0,0,0,0,0,4168,0,92,0,-77140,118,28,0,0,0,0,0,0,0,0,0,0,0,0,
0 4 . 0 2 . 2 0 1 6   1 1 : 2 8 : 5 4 , Norm,-87,28,85,1050,1,0,68,0,148,0,86,0,0,0,0,0,0,0,4163,0,96,0,-79478,114,28,0,0,0,0,0,0,0,0,0,0,0,0,
0 4 . 0 2 . 2 0 1 6   1 1 : 2 9 : 2 4 , Norm,-87,27,85,1080,1,0,60,0,144,0,90,0,0,0,0,0,0,0,4168,0,104,0,-81657,112,28,0,0,0,0,0,0,0,0,0,0,0,0,
0 4 . 0 2 . 2 0 1 6   1 1 : 2 9 : 5 3 , Norm,-87,28,85,1110,1,0,72,0,134,0,86,0,0,0,0,0,0,0,4173,0,95,0,-83826,110,28,0,0,0,0,0,0,0,0,0,0,0,0,
0 4 . 0 2 . 2 0 1 6   1 1 : 3 0 : 2 2 , Norm,-87,28,85,1140,1,0,60,0,148,0,86,0,0,0,0,0,0,0,4179,0,104,0,-86106,106,28,0,0,0,0,0,0,0,0,0,0,0,0,
0 4 . 0 2 . 2 0 1 6   1 1 : 3 0 : 5 1 , Norm,-87,28,85,1170,1,0,66,0,134,0,88,0,0,0,0,0,0,0,4173,0,115,0,-88323,110,28,0,0,0,0,0,0,0,0,0,0,0,0,
0 4 . 0 2 . 2 0 1 6   1 1 : 3 1 : 2 1 , Norm,-87,28,85,1200,1,0,76,0,130,0,82,0,0,0,0,0,0,0,4173,0,81,0,-90498,114,28,0,0,0,0,0,0,0,0,0,0,0,0,
0 4 . 0 2 . 2 0 1 6   1 1 : 3 1 : 5 0 , Norm,-87,28,76,1230,1,0,66,0,144,0,82,0,0,0,0,0,0,0,4179,0,103,0,-92794,110,28,0,0,0,0,0,0,0,0,0,0,0,0,
0 4 . 0 2 . 2 0 1 6   1 1 : 3 2 : 1 9 , Norm,-87,28,85,1260,1,0,70,0,138,0,82,0,0,0,0,0,0,0,4179,0,121,0,-95112,116,28,0,0,0,0,0,0,0,0,0,0,0,0,
0 4 . 0 2 . 2 0 1 6   1 1 : 3 2 : 4 8 , Norm,-87,28,76,1290,1,0,70,0,148,0,84,0,0,0,0,0,0,0,4173,0,64,0,-97293,116,28,0,0,0,0,0,0,0,0,0,0,0,0,
0 4 . 0 2 . 2 0 1 6   1 1 : 3 3 : 1 7 , Norm,-87,28,85,1320,1,0,60,0,146,0,88,0,0,0,0,0,0,0,4163,0,93,0,-99506,112,28,0,0,0,0,0,0,0,0,0,0,0,0,
0 4 . 0 2 . 2 0 1 6   1 1 : 3 3 : 4 7 , Norm,-87,28,85,1350,1,0,72,0,136,0,86,0,0,0,0,0,0,0,4173,0,95,0,-101794,116,28,0,0,0,0,0,0,0,0,0,0,0,0,
0 4 . 0 2 . 2 0 1 6   1 1 : 3 4 : 1 6 , Norm,-87,28,85,1380,1,0,80,0,138,0,84,0,0,0,0,0,0,0,4168,0,98,0,-104015,116,28,0,0,0,0,0,0,0,0,0,0,0,0,
0 4 . 0 2 . 2 0 1 6   1 1 : 3 5 : 1 4 , Norm,-87,28,85,1440,1,0,74,0,130,0,84,0,0,0,0,0,0,0,4179,0,78,0,-108491,112,28,0,0,0,0,0,0,0,0,0,0,0,0,
0 4 . 0 2 . 2 0 1 6   1 1 : 3 5 : 4 3 , Norm,-87,27,76,1470,1,0,68,0,146,0,82,0,0,0,0,0,0,0,4168,0,71,0,-110656,108,28,0,0,0,0,0,0,0,0,0,0,0,0,
0 4 . 0 2 . 2 0 1 6   1 1 : 3 6 : 1 3 , Norm,-87,28,85,1500,1,0,52,0,150,0,84,0,0,0,0,0,0,0,4173,0,90,0,-112841,112,28,0,0,0,0,0,0,0,0,0,0,0,0,
0 4 . 0 2 . 2 0 1 6   1 1 : 3 6 : 4 2 , Norm,-87,28,85,1530,1,0,72,0,148,0,84,0,0,0,0,0,0,0,4173,0,102,0,-115135,110,28,0,0,0,0,0,0,0,0,0,0,0,0,
0 4 . 0 2 . 2 0 1 6   1 1 : 3 7 : 1 1 , Norm,-87,28,67,1560,1,0,56,0,154,0,86,0,0,0,0,0,0,0,4173,0,91,0,-117407,112,28,0,0,0,0,0,0,0,0,0,0,0,0,
0 4 . 0 2 . 2 0 1 6   1 1 : 3 7 : 4 0 , Norm,-87,27,85,1590,1,0,56,0,138,0,86,0,0,0,0,0,0,0,4168,0,81,0,-119585,108,28,0,0,0,0,0,0,0,0,0,0,0,0,
0 4 . 0 2 . 2 0 1 6   1 1 : 3 8 : 0 9 , Norm,-87,27,76,1620,1,0,62,0,150,0,86,0,0,0,0,0,0,0,4168,0,100,0,-121863,110,28,0,0,0,0,0,0,0,0,0,0,0,0,
0 4 . 0 2 . 2 0 1 6   1 1 : 3 8 : 3 9 , Norm,-87,28,85,1650,1,0,60,0,150,0,86,0,0,0,0,0,0,0,4168,0,94,0,-124049,110,28,0,0,0,0,0,0,0,0,0,0,0,0,
0 4 . 0 2 . 2 0 1 6   1 1 : 3 9 : 0 8 , Norm,-87,28,76,1680,1,0,68,0,134,0,86,0,0,0,0,0,0,0,4168,0,90,0,-126219,114,28,0,0,0,0,0,0,0,0,0,0,0,0,
0 4 . 0 2 . 2 0 1 6   1 1 : 3 9 : 3 7 , Norm,-87,27,76,1710,1,0,74,0,138,0,76,0,0,0,0,0,0,0,4173,0,118,0,-128403,108,28,0,0,0,0,0,0,0,0,0,0,0,0,
0 4 . 0 2 . 2 0 1 6   1 1 : 4 0 : 0 6 , Norm,-87,28,85,1740,1,0,54,0,150,0,78,0,0,0,0,0,0,0,4163,0,97,0,-130689,112,28,0,0,0,0,0,0,0,0,0,0,0,0,
0 4 . 0 2 . 2 0 1 6   1 1 : 4 0 : 3 5 , Norm,-87,27,76,1770,1,0,70,0,126,0,74,0,0,0,0,0,0,0,4163,0,91,0,-132969,116,28,0,0,0,0,0,0,0,0,0,0,0,0,
0 4 . 0 2 . 2 0 1 6   1 1 : 4 1 : 0 5 , Norm,-87,28,85,1800,1,0,68,0,148,0,88,0,0,0,0,0,0,0,4168,0,99,0,-135163,116,28,0,0,0,0,0,0,0,0,0,0,0,0,
0 4 . 0 2 . 2 0 1 6   1 1 : 4 1 : 3 4 , Norm,-87,28,85,1830,1,0,58,0,144,0,90,0,0,0,0,0,0,0,4168,0,104,0,-137337,126,28,0,0,0,0,0,0,0,0,0,0,0,0,
0 4 . 0 2 . 2 0 1 6   1 1 : 4 2 : 0 3 , Norm,-87,27,85,1860,1,0,72,0,136,0,86,0,0,0,0,0,0,0,4168,0,110,0,-139515,110,28,0,0,0,0,0,0,0,0,0,0,0,0,
0 4 . 0 2 . 2 0 1 6   1 1 : 4 2 : 3 2 , Norm,-87,28,85,1890,1,0,60,0,150,0,86,0,0,0,0,0,0,0,4168,0,106,0,-141814,110,28,0,0,0,0,0,0,0,0,0,0,0,0,
0 4 . 0 2 . 2 0 1 6   1 1 : 4 3 : 0 1 , Norm,-87,28,85,1920,1,0,64,0,134,0,86,0,0,0,0,0,0,0,4168,0,105,0,-144005,104,28,0,0,0,0,0,0,0,0,0,0,0,0,
0 4 . 0 2 . 2 0 1 6   1 1 : 4 3 : 3 1 , Norm,-87,28,85,1950,1,0,74,0,130,0,84,0,0,0,0,0,0,0,4179,0,98,0,-146295,112,28,0,0,0,0,0,0,0,0,0,0,0,0,
0 4 . 0 2 . 2 0 1 6   1 1 : 4 4 : 0 0 , Norm,-87,28,85,1980,1,0,68,0,144,0,80,0,0,0,0,0,0,0,4179,0,94,0,-148489,116,28,0,0,0,0,0,0,0,0,0,0,0,0,
0 4 . 0 2 . 2 0 1 6   1 1 : 4 4 : 2 9 , Norm,-87,28,85,2010,1,0,68,0,136,0,82,0,0,0,0,0,0,0,4168,0,88,0,-150802,106,28,0,0,0,0,0,0,0,0,0,0,0,0,
0 4 . 0 2 . 2 0 1 6   1 1 : 4 4 : 5 8 , Norm,-87,28,85,2040,1,0,68,0,148,0,86,0,0,0,0,0,0,0,4173,0,97,0,-152996,118,28,0,0,0,0,0,0,0,0,0,0,0,0,
0 4 . 0 2 . 2 0 1 6   1 1 : 4 5 : 2 8 , Norm,-87,28,76,2070,1,0,58,0,144,0,88,0,0,0,0,0,0,0,4163,0,92,0,-155282,112,28,0,0,0,0,0,0,0,0,0,0,0,0,
0 4 . 0 2 . 2 0 1 6   1 1 : 4 5 : 5 7 , Norm,-87,28,85,2100,1,0,70,0,136,0,86,0,0,0,0,0,0,0,4173,0,86,0,-157438,102,28,0,0,0,0,0,0,0,0,0,0,0,0,
0 4 . 0 2 . 2 0 1 6   1 1 : 4 6 : 2 6 , Norm,-87,28,85,2130,1,0,78,0,136,0,82,0,0,0,0,0,0,0,4168,0,79,0,-159634,108,28,0,0,0,0,0,0,0,0,0,0,0,0,
0 4 . 0 2 . 2 0 1 6   1 1 : 4 6 : 5 5 , Norm,-87,28,76,2160,1,0,66,0,134,0,88,0,0,0,0,0,0,0,4163,0,94,0,-161919,112,28,0,0,0,0,0,0,0,0,0,0,0,0,
0 4 . 0 2 . 2 0 1 6   1 1 : 4 7 : 2 4 , Norm,-87,28,85,2190,1,0,74,0,128,0,82,0,0,0,0,0,0,0,4163,0,82,0,-164131,112,28,0,0,0,0,0,0,0,0,0,0,0,0,
0 4 . 0 2 . 2 0 1 6   1 1 : 4 7 : 5 4 , Norm,-87,28,85,2220,1,0,68,0,144,0,82,0,0,0,0,0,0,0,4173,0,110,0,-166315,108,28,0,0,0,0,0,0,0,0,0,0,0,0,
0 4 . 0 2 . 2 0 1 6   1 1 : 4 8 : 2 3 , Norm,-87,28,85,2250,1,0,50,0,148,0,82,0,0,0,0,0,0,0,4173,0,118,0,-168579,110,28,0,0,0,0,0,0,0,0,0,0,0,0,
0 4 . 0 2 . 2 0 1 6   1 1 : 4 8 : 5 2 , Norm,-87,28,85,2280,1,0,72,0,146,0,80,0,0,0,0,0,0,0,4179,0,93,0,-170903,108,28,0,0,0,0,0,0,0,0,0,0,0,0,
0 4 . 0 2 . 2 0 1 6   1 1 : 4 9 : 2 1 , Norm,-87,28,85,2310,1,0,56,0,152,0,86,0,0,0,0,0,0,0,4168,0,89,0,-173084,108,28,0,0,0,0,0,0,0,0,0,0,0,0,
0 4 . 0 2 . 2 0 1 6   1 1 : 4 9 : 5 0 , Norm,-87,28,76,2340,1,0,56,0,138,0,86,0,0,0,0,0,0,0,4168,0,88,0,-175259,120,28,0,0,0,0,0,0,0,0,0,0,0,0,
0 4 . 0 2 . 2 0 1 6   1 1 : 5 0 : 2 0 , Norm,-87,27,85,2370,1,0,78,0,136,0,82,0,0,0,0,0,0,0,4173,0,94,0,-177479,112,28,0,0,0,0,0,0,0,0,0,0,0,0,
0 4 . 0 2 . 2 0 1 6   1 1 : 5 0 : 4 9 , Norm,-87,27,85,2400,1,0,60,0,150,0,88,0,0,0,0,0,0,0,4168,0,92,0,-179744,110,28,0,0,0,0,0,0,0,0,0,0,0,0,
0 4 . 0 2 . 2 0 1 6   1 1 : 5 1 : 1 8 , Norm,-86,27,85,2430,1,0,70,0,134,0,88,0,0,0,0,0,0,0,4179,0,101,0,-181950,112,28,0,0,0,0,0,0,0,0,0,0,0,0,
0 4 . 0 2 . 2 0 1 6   1 1 : 5 1 : 4 7 , Norm,-87,28,85,2460,1,0,76,0,140,0,76,0,0,0,0,0,0,0,4173,0,109,0,-184243,110,28,0,0,0,0,0,0,0,0,0,0,0,0,
0 4 . 0 2 . 2 0 1 6   1 1 : 5 2 : 1 6 , Norm,-87,28,85,2490,1,0,56,0,150,0,78,0,0,0,0,0,0,0,4173,0,60,0,-186395,112,28,0,0,0,0,0,0,0,0,0,0,0,0,
0 4 . 0 2 . 2 0 1 6   1 1 : 5 2 : 4 6 , Norm,-87,28,85,2520,1,0,70,0,128,0,74,0,0,0,0,0,0,0,4163,0,85,0,-188680,110,28,0,0,0,0,0,0,0,0,0,0,0,0,
0 4 . 0 2 . 2 0 1 6   1 1 : 5 3 : 1 5 , Norm,-87,28,76,2550,1,0,70,0,148,0,86,0,0,0,0,0,0,0,4173,0,95,0,-190883,114,28,0,0,0,0,0,0,0,0,0,0,0,0,
0 4 . 0 2 . 2 0 1 6   1 1 : 5 3 : 4 4 , Norm,-87,28,85,2580,1,0,58,0,146,0,90,0,0,0,0,0,0,0,4173,0,107,0,-193084,110,28,0,0,0,0,0,0,0,0,0,0,0,0,
0 4 . 0 2 . 2 0 1 6   1 1 : 5 4 : 1 3 , Norm,-87,28,85,2610,1,0,70,0,134,0,86,0,0,0,0,0,0,0,4168,0,85,0,-195414,112,28,0,0,0,0,0,0,0,0,0,0,0,0,
0 4 . 0 2 . 2 0 1 6   1 1 : 5 4 : 4 3 , Norm,-87,28,76,2640,1,0,62,0,148,0,86,0,0,0,0,0,0,0,4173,0,119,0,-197573,112,28,0,0,0,0,0,0,0,0,0,0,0,0,
0 4 . 0 2 . 2 0 1 6   1 1 : 5 5 : 1 2 , Norm,-87,28,85,2670,1,0,64,0,132,0,86,0,0,0,0,0,0,0,4173,0,98,0,-199915,110,28,0,0,0,0,0,0,0,0,0,0,0,0,
0 4 . 0 2 . 2 0 1 6   1 1 : 5 5 : 4 1 , Norm,-87,28,85,2700,1,0,76,0,130,0,84,0,0,0,0,0,0,0,4168,0,92,0,-202071,114,28,0,0,0,0,0,0,0,0,0,0,0,0,
0 4 . 0 2 . 2 0 1 6   1 1 : 5 6 : 1 0 , Norm,-87,28,76,2730,1,0,66,0,144,0,82,0,0,0,0,0,0,0,4179,0,129,0,-204283,116,28,0,0,0,0,0,0,0,0,0,0,0,0,
0 4 . 0 2 . 2 0 1 6   1 1 : 5 6 : 3 9 , Norm,-87,27,85,2760,1,0,68,0,136,0,82,0,0,0,0,0,0,0,4168,0,116,0,-206572,106,28,0,0,0,0,0,0,0,0,0,0,0,0,
0 4 . 0 2 . 2 0 1 6   1 1 : 5 7 : 0 9 , Norm,-87,27,85,2790,1,0,72,0,148,0,82,0,0,0,0,0,0,0,4163,0,106,0,-208762,112,28,0,0,0,0,0,0,0,0,0,0,0,0,
0 4 . 0 2 . 2 0 1 6   1 1 : 5 8 : 0 7 , Norm,-87,27,85,2850,1,0,56,0,136,0,86,0,0,0,0,0,0,0,4179,0,94,0,-213198,116,28,0,0,0,0,0,0,0,0,0,0,0,0,
0 4 . 0 2 . 2 0 1 6   1 1 : 5 9 : 0 5 , Norm,-87,27,85,2910,1,0,60,0,150,0,86,0,0,0,0,0,0,0,4168,0,105,0,-217578,108,28,0,0,0,0,0,0,0,0,0,0,0,0,
0 4 . 0 2 . 2 0 1 6   1 1 : 5 9 : 3 5 , Norm,-87,27,85,2940,1,0,68,0,132,0,86,0,0,0,0,0,0,0,4163,0,92,0,-219748,112,28,0,0,0,0,0,0,0,0,0,0,0,0,
0 4 . 0 2 . 2 0 1 6   1 2 : 0 0 : 0 4 , Norm,-87,27,85,2970,1,0,74,0,140,0,76,0,0,0,0,0,0,0,4168,0,88,0,-222036,110,28,0,0,0,0,0,0,0,0,0,0,0,0,
0 4 . 0 2 . 2 0 1 6   1 2 : 0 0 : 3 3 , Norm,-87,27,85,3000,1,0,52,0,124,0,84,0,0,0,0,0,0,0,4168,0,81,0,-224197,114,28,0,0,0,0,0,0,0,0,0,0,0,0,
0 4 . 0 2 . 2 0 1 6   1 2 : 0 1 : 0 2 , Norm,-87,27,85,3030,1,0,72,0,128,0,74,0,0,0,0,0,0,0,4179,0,104,0,-226455,106,28,0,0,0,0,0,0,0,0,0,0,0,0,
0 4 . 0 2 . 2 0 1 6   1 2 : 0 1 : 3 1 , Norm,-87,27,67,3060,1,0,70,0,148,0,84,0,0,0,0,0,0,0,4168,0,90,0,-228611,116,28,0,0,0,0,0,0,0,0,0,0,0,0,
0 4 . 0 2 . 2 0 1 6   1 2 : 0 2 : 0 1 , Norm,-87,27,85,3090,1,0,58,0,144,0,90,0,0,0,0,0,0,0,4168,0,119,0,-230803,112,28,0,0,0,0,0,0,0,0,0,0,0,0,
0 4 . 0 2 . 2 0 1 6   1 2 : 0 2 : 3 0 , Norm,-87,27,85,3120,1,0,70,0,134,0,86,0,0,0,0,0,0,0,4173,0,76,0,-232975,112,28,0,0,0,0,0,0,0,0,0,0,0,0,
0 4 . 0 2 . 2 0 1 6   1 2 : 0 2 : 5 9 , Norm,-87,27,85,3150,1,0,60,0,148,0,86,0,0,0,0,0,0,0,4168,0,107,0,-235244,112,28,0,0,0,0,0,0,0,0,0,0,0,0,
0 4 . 0 2 . 2 0 1 6   1 2 : 0 3 : 2 8 , Norm,-87,27,85,3180,1,0,66,0,132,0,88,0,0,0,0,0,0,0,4168,0,113,0,-237550,110,28,0,0,0,0,0,0,0,0,0,0,0,0,
0 4 . 0 2 . 2 0 1 6   1 2 : 0 3 : 5 7 , Norm,-87,27,67,3210,1,0,74,0,130,0,84,0,0,0,0,0,0,0,4163,0,98,0,-239707,112,28,0,0,0,0,0,0,0,0,0,0,0,0,
0 4 . 0 2 . 2 0 1 6   1 2 : 0 4 : 2 7 , Norm,-87,27,85,3240,1,0,50,0,148,0,86,0,0,0,0,0,0,0,4173,0,92,0,-241885,108,28,0,0,0,0,0,0,0,0,0,0,0,0,
0 4 . 0 2 . 2 0 1 6   1 2 : 0 4 : 5 6 , Norm,-87,27,85,3270,1,0,52,0,124,0,84,0,0,0,0,0,0,0,4163,0,96,0,-244209,106,28,0,0,0,0,0,0,0,0,0,0,0,0,
0 4 . 0 2 . 2 0 1 6   1 2 : 0 5 : 2 5 , Norm,-87,27,85,3300,1,0,70,0,126,0,74,0,0,0,0,0,0,0,4168,0,98,0,-246416,118,28,0,0,0,0,0,0,0,0,0,0,0,0,
0 4 . 0 2 . 2 0 1 6   1 2 : 0 5 : 5 4 , Norm,-87,27,85,3330,1,0,56,0,136,0,84,0,0,0,0,0,0,0,4163,0,95,0,-248723,110,28,0,0,0,0,0,0,0,0,0,0,0,0,
0 4 . 0 2 . 2 0 1 6   1 2 : 0 6 : 5 3 , Norm,-87,27,85,3390,1,0,80,0,148,0,82,0,0,0,0,0,0,0,4168,0,87,0,-253060,110,28,0,0,0,0,0,0,0,0,0,0,0,0,
0 4 . 0 2 . 2 0 1 6   1 2 : 0 7 : 2 2 , Norm,-87,27,76,3420,1,0,62,0,150,0,86,0,0,0,0,0,0,0,4168,0,97,0,-255343,110,28,0,0,0,0,0,0,0,0,0,0,0,0,
0 4 . 0 2 . 2 0 1 6   1 2 : 0 7 : 5 1 , Norm,-87,27,85,3450,1,0,66,0,132,0,86,0,0,0,0,0,0,0,4168,0,95,0,-257532,118,28,0,0,0,0,0,0,0,0,0,0,0,0,
0 4 . 0 2 . 2 0 1 6   1 2 : 0 8 : 4 9 , Norm,-87,28,85,3510,1,0,50,0,128,0,82,0,0,0,0,0,0,0,4163,0,92,0,-261987,110,28,0,0,0,0,0,0,0,0,0,0,0,0,
0 4 . 0 2 . 2 0 1 6   1 2 : 0 9 : 1 9 , Norm,-87,28,85,3540,1,0,70,0,136,0,82,0,0,0,0,0,0,0,4168,0,83,0,-264177,110,28,0,0,0,0,0,0,0,0,0,0,0,0,
0 4 . 0 2 . 2 0 1 6   1 2 : 0 9 : 4 8 , Norm,-87,28,85,3570,1,0,72,0,148,0,82,0,0,0,0,0,0,0,4179,0,99,0,-266450,108,28,0,0,0,0,0,0,0,0,0,0,0,0,
0 4 . 0 2 . 2 0 1 6   1 2 : 1 0 : 1 3 , Norm,-87,28,85,3570,1,0,72,0,148,0,82,0,0,0,0,0,0,0,4179,0,99,0,-266450,108,28,0,0,0,0,0,0,0,0,0,0,0,0,
0 4 . 0 2 . 2 0 1 6   1 3 : 4 9 : 0 2 , Mini,290,1,0,66,0,148,0,76,0,0,0,0,0,0,0,4168,0,88,0,-54611,116,28,0,0,0,0,0,
0 4 . 0 2 . 2 0 1 6   1 3 : 4 9 : 0 2 , Mini,280,1,0,78,0,150,0,84,0,0,0,0,0,0,0,4173,0,95,0,-53888,106,28,0,0,0,0,0,
0 4 . 0 2 . 2 0 1 6   1 3 : 4 9 : 0 3 , Mini,270,1,0,74,0,144,0,80,0,0,0,0,0,0,0,4173,0,87,0,-53136,110,28,0,0,0,0,0,
0 4 . 0 2 . 2 0 1 6   1 3 : 4 9 : 0 3 , Mini,260,1,0,74,0,132,0,84,0,0,0,0,0,0,0,4158,0,63,0,-52427,7168,0,204,0,0,0,0,
0 4 . 0 2 . 2 0 1 6   1 3 : 4 9 : 0 4 , Mini,250,1,0,50,0,140,0,78,0,0,0,0,0,0,0,4179,0,90,0,-51623,114,28,0,0,0,0,0,
0 4 . 0 2 . 2 0 1 6   1 3 : 4 9 : 0 5 , Mini,240,1,0,56,0,154,0,88,0,0,0,0,0,0,0,4173,0,100,0,-50895,108,28,0,0,0,0,0,
0 4 . 0 2 . 2 0 1 6   1 3 : 4 9 : 0 5 , Mini,230,1,0,60,0,150,0,84,0,0,0,0,0,0,0,4163,0,95,0,-50142,112,28,0,0,0,0,0,
0 4 . 0 2 . 2 0 1 6   1 3 : 4 9 : 0 6 , Mini,220,1,0,66,0,150,0,78,0,0,0,0,0,0,0,4173,0,98,0,-49424,108,28,0,0,0,0,0,
0 4 . 0 2 . 2 0 1 6   1 3 : 4 9 : 0 6 , Mini,210,1,0,80,0,152,0,84,0,0,0,0,0,0,0,4179,0,112,0,-48675,108,28,0,0,0,0,0,
0 4 . 0 2 . 2 0 1 6   1 3 : 4 9 : 0 7 , Mini,200,1,0,74,0,146,0,82,0,0,0,0,0,0,0,4179,0,93,0,-47948,104,28,0,0,0,0,0,
0 4 . 0 2 . 2 0 1 6   1 3 : 4 9 : 0 7 , Mini,190,1,0,74,0,132,0,84,0,0,0,0,0,0,0,4173,0,108,0,-47224,112,28,0,0,0,0,0,
0 4 . 0 2 . 2 0 1 6   1 3 : 4 9 : 0 8 , Mini,180,1,0,74,0,138,0,90,0,0,0,0,0,0,0,4179,0,71,0,-46484,108,28,0,0,0,0,0,
0 4 . 0 2 . 2 0 1 6   1 3 : 4 9 : 0 9 , Mini,170,1,0,70,0,136,0,86,0,0,0,0,0,0,0,4179,0,104,0,-45744,106,28,0,0,0,0,0,
0 4 . 0 2 . 2 0 1 6   1 3 : 4 9 : 0 9 , Mini,160,1,0,60,0,130,0,88,0,0,0,0,0,0,0,4179,0,95,0,-45009,112,28,0,0,0,0,0,
0 4 . 0 2 . 2 0 1 6   1 3 : 4 9 : 1 0 , Mini,150,1,0,68,0,150,0,76,0,0,0,0,0,0,0,4179,0,106,0,-44183,108,28,0,0,0,0,0,
0 4 . 0 2 . 2 0 1 6   1 3 : 4 9 : 1 0 , Mini,140,1,0,80,0,152,0,86,0,0,0,0,0,0,0,4173,0,100,0,-43435,108,28,0,0,0,0,0,
0 4 . 0 2 . 2 0 1 6   1 3 : 4 9 : 1 1 , Mini,130,1,0,76,0,146,0,82,0,0,0,0,0,0,0,4179,0,100,0,-42711,104,28,0,0,0,0,0,
0 4 . 0 2 . 2 0 1 6   1 3 : 4 9 : 1 3 , Mini,100,1,0,70,0,136,0,86,0,0,0,0,0,0,0,4173,0,95,0,-40395,108,28,0,0,0,0,0,
0 4 . 0 2 . 2 0 1 6   1 3 : 4 9 : 1 3 , Mini,90,1,0,60,0,130,0,88,0,0,0,0,0,0,0,4173,0,83,0,-39656,110,28,0,0,0,0,0,
0 4 . 0 2 . 2 0 1 6   1 3 : 4 9 : 1 4 , Mini,80,1,0,54,0,140,0,82,0,0,0,0,0,0,0,4173,0,98,0,-38891,118,28,0,0,0,0,0,
0 4 . 0 2 . 2 0 1 6   1 3 : 4 9 : 1 4 , Mini,70,1,0,62,0,146,0,86,0,0,0,0,0,0,0,4173,0,88,0,-38124,114,28,0,0,0,0,0,
0 4 . 0 2 . 2 0 1 6   1 3 : 4 9 : 1 5 , Mini,60,1,0,74,0,144,0,80,0,0,0,0,0,0,0,4179,0,104,0,-31233,112,28,0,0,0,0,0,
0 4 . 0 2 . 2 0 1 6   1 3 : 4 9 : 1 6 , Mini,50,1,0,72,0,130,0,82,0,0,0,0,0,0,0,4173,0,111,0,-30476,110,28,0,0,0,0,0,
0 4 . 0 2 . 2 0 1 6   1 3 : 4 9 : 1 6 , Mini,40,1,0,74,0,138,0,86,0,0,0,0,0,0,0,4173,0,121,0,-29731,114,28,0,0,0,0,0,
0 4 . 0 2 . 2 0 1 6   1 3 : 4 9 : 1 7 , Mini,30,1,0,70,0,136,0,84,0,0,0,0,0,0,0,4179,0,93,0,-29006,116,28,0,0,0,0,0,
0 4 . 0 2 . 2 0 1 6   1 3 : 4 9 : 1 9 , Mini,70,1,0,66,0,148,0,76,0,0,0,0,0,0,0,4173,0,106,0,-26015,112,28,0,0,0,0,0,
0 4 . 0 2 . 2 0 1 6   1 3 : 4 9 : 1 9 , Mini,60,1,0,78,0,152,0,82,0,0,0,0,0,0,0,4173,0,99,0,-25276,116,28,0,0,0,0,0,
0 4 . 0 2 . 2 0 1 6   1 3 : 4 9 : 2 0 , Mini,50,1,0,72,0,144,0,80,0,0,0,0,0,0,0,4184,0,100,0,-24547,110,28,0,0,0,0,0,
0 4 . 0 2 . 2 0 1 6   1 3 : 5 2 : 4 0 , Mini,510,1,0,76,0,146,0,82,0,0,0,0,0,0,0,4179,0,81,0,-72609,7274,0,44,0,0,0,0,
0 4 . 0 2 . 2 0 1 6   1 3 : 5 2 : 4 1 , Mini,500,1,0,74,0,134,0,84,0,0,0,0,0,0,0,4168,0,87,0,-71873,7280,0,66,0,0,0,0,
0 4 . 0 2 . 2 0 1 6   1 3 : 5 2 : 4 1 , Mini,490,1,0,72,0,138,0,82,0,0,0,0,0,0,0,4168,0,78,0,-71155,7282,0,117,0,0,0,0,
0 4 . 0 2 . 2 0 1 6   1 3 : 5 2 : 4 2 , Mini,480,1,0,58,0,156,0,88,0,0,0,0,0,0,0,4168,0,75,0,-70303,7276,0,236,0,0,0,0,
0 4 . 0 2 . 2 0 1 6   1 3 : 5 2 : 4 3 , Mini,470,1,0,60,0,148,0,84,0,0,0,0,0,0,0,4173,0,91,0,-69599,7270,0,225,0,0,0,0,
0 4 . 0 2 . 2 0 1 6   1 3 : 5 2 : 4 3 , Mini,460,1,0,66,0,148,0,76,0,0,0,0,0,0,0,4163,0,89,0,-68883,7278,0,29,0,0,0,0,
0 4 . 0 2 . 2 0 1 6   1 3 : 5 2 : 4 4 , Mini,450,1,0,78,0,150,0,84,0,0,0,0,0,0,0,4179,0,94,0,-68113,7276,0,9,0,0,0,0,
0 4 . 0 2 . 2 0 1 6   1 3 : 5 2 : 4 4 , Mini,440,1,0,74,0,146,0,80,0,0,0,0,0,0,0,4173,0,84,0,-67399,7282,0,54,0,0,0,0,
0 4 . 0 2 . 2 0 1 6   1 3 : 5 2 : 4 5 , Mini,430,1,0,74,0,132,0,82,0,0,0,0,0,0,0,4173,0,114,0,-66574,7286,0,72,0,0,0,0,
0 4 . 0 2 . 2 0 1 6   1 3 : 5 2 : 4 6 , Mini,420,1,0,72,0,136,0,86,0,0,0,0,0,0,0,4173,0,125,0,-65812,7278,0,235,0,0,0,0,
0 4 . 0 2 . 2 0 1 6   1 3 : 5 2 : 4 6 , Mini,410,1,0,68,0,136,0,84,0,0,0,0,0,0,0,4173,0,108,0,-65071,7278,0,188,0,0,0,0,
0 4 . 0 2 . 2 0 1 6   1 3 : 5 2 : 4 7 , Mini,400,1,0,58,0,128,0,86,0,0,0,0,0,0,0,4168,0,96,0,-64355,7280,0,159,0,0,0,0,
0 4 . 0 2 . 2 0 1 6   1 3 : 5 2 : 4 7 , Mini,390,1,0,56,0,140,0,82,0,0,0,0,0,0,0,4173,0,78,0,-63601,7284,0,220,0,0,0,0,
0 4 . 0 2 . 2 0 1 6   1 3 : 5 2 : 4 8 , Mini,380,1,0,62,0,148,0,88,0,0,0,0,0,0,0,4163,0,95,0,-62855,108,28,0,0,0,0,0,
0 4 . 0 2 . 2 0 1 6   1 3 : 5 2 : 4 8 , Mini,370,1,0,56,0,150,0,90,0,0,0,0,0,0,0,4173,0,117,0,-62124,114,28,0,0,0,0,0,
0 4 . 0 2 . 2 0 1 6   1 3 : 5 2 : 5 0 , Mini,340,1,0,70,0,136,0,86,0,0,0,0,0,0,0,4173,0,84,0,-59925,7274,0,167,0,0,0,0,
0 4 . 0 2 . 2 0 1 6   1 3 : 5 2 : 5 1 , Mini,330,1,0,60,0,130,0,88,0,0,0,0,0,0,0,4168,0,78,0,-59159,7274,0,231,0,0,0,0,
0 4 . 0 2 . 2 0 1 6   1 3 : 5 2 : 5 1 , Mini,320,1,0,56,0,142,0,84,0,0,0,0,0,0,0,4163,0,90,0,-58445,7282,0,12,0,0,0,0,
0 4 . 0 2 . 2 0 1 6   1 3 : 5 2 : 5 2 , Mini,310,1,0,62,0,138,0,84,0,0,0,0,0,0,0,4179,0,84,0,-55124,112,28,0,0,0,0,0,
0 4 . 0 2 . 2 0 1 6   1 3 : 5 2 : 5 3 , Mini,300,1,0,62,0,138,0,84,0,0,0,0,0,0,0,4179,0,84,0,-55124,112,28,0,0,0,0,0,
0 4 . 0 2 . 2 0 1 6   1 3 : 5 2 : 5 4 , Mini,270,1,0,74,0,144,0,80,0,0,0,0,0,0,0,4173,0,87,0,-53136,110,28,0,0,0,0,0,
0 4 . 0 2 . 2 0 1 6   1 3 : 5 2 : 5 5 , Mini,260,1,0,74,0,132,0,84,0,0,0,0,0,0,0,4158,0,63,0,-52427,7168,0,204,0,0,0,0,
0 4 . 0 2 . 2 0 1 6   1 3 : 5 2 : 5 6 , Mini,250,1,0,50,0,140,0,78,0,0,0,0,0,0,0,4179,0,90,0,-51623,114,28,0,0,0,0,0,
0 4 . 0 2 . 2 0 1 6   1 3 : 5 2 : 5 6 , Mini,240,1,0,56,0,154,0,88,0,0,0,0,0,0,0,4173,0,100,0,-50895,108,28,0,0,0,0,0,
0 4 . 0 2 . 2 0 1 6   1 3 : 5 2 : 5 7 , Mini,230,1,0,60,0,150,0,84,0,0,0,0,0,0,0,4163,0,95,0,-50142,112,28,0,0,0,0,0,
0 4 . 0 2 . 2 0 1 6   1 3 : 5 2 : 5 7 , Mini,220,1,0,66,0,150,0,78,0,0,0,0,0,0,0,4173,0,98,0,-49424,108,28,0,0,0,0,0,
0 4 . 0 2 . 2 0 1 6   1 3 : 5 2 : 5 8 , Mini,210,1,0,80,0,152,0,84,0,0,0,0,0,0,0,4179,0,112,0,-48675,108,28,0,0,0,0,0,
0 4 . 0 2 . 2 0 1 6   1 3 : 5 2 : 5 8 , Mini,200,1,0,74,0,146,0,82,0,0,0,0,0,0,0,4179,0,93,0,-47948,104,28,0,0,0,0,0,
0 4 . 0 2 . 2 0 1 6   1 6 : 3 6 : 4 2 , Mini,400,1,0,52,0,138,0,84,0,0,0,0,0,0,0,4179,0,115,0,-829285,120,28,0,0,0,0,0,
0 4 . 0 2 . 2 0 1 6   1 6 : 3 6 : 4 3 , Mini,390,1,0,62,0,148,0,86,0,0,0,0,0,0,0,4179,0,106,0,-828290,108,28,0,0,0,0,0,
0 4 . 0 2 . 2 0 1 6   1 6 : 3 6 : 4 3 , Mini,380,1,0,52,0,152,0,88,0,0,0,0,0,0,0,4179,0,98,0,-827581,116,28,0,0,0,0,0,
0 4 . 0 2 . 2 0 1 6   1 6 : 3 6 : 4 4 , Mini,370,1,0,58,0,148,0,78,0,0,0,0,0,0,0,4173,0,99,0,-826878,112,28,0,0,0,0,0,
0 4 . 0 2 . 2 0 1 6   1 6 : 3 6 : 4 4 , Mini,360,1,0,60,0,148,0,88,0,0,0,0,0,0,0,4173,0,103,0,-825962,114,28,0,0,0,0,0,
0 4 . 0 2 . 2 0 1 6   1 6 : 3 6 : 4 5 , Mini,350,1,0,62,0,146,0,76,0,0,0,0,0,0,0,4179,0,80,0,-825219,110,28,0,0,0,0,0,
0 4 . 0 2 . 2 0 1 6   1 6 : 3 6 : 4 5 , Mini,340,1,0,72,0,134,0,86,0,0,0,0,0,0,0,4173,0,106,0,-824406,116,28,0,0,0,0,0,
0 4 . 0 2 . 2 0 1 6   1 6 : 3 6 : 4 6 , Mini,330,1,0,70,0,134,0,80,0,0,0,0,0,0,0,4173,0,82,0,-823490,116,28,0,0,0,0,0,
0 4 . 0 2 . 2 0 1 6   1 6 : 3 6 : 4 7 , Mini,320,1,0,60,0,124,0,82,0,0,0,0,0,0,0,4173,0,96,0,-822771,108,28,0,0,0,0,0,
0 4 . 0 2 . 2 0 1 6   1 6 : 3 6 : 4 7 , Mini,310,1,0,68,0,136,0,86,0,0,0,0,0,0,0,4163,0,93,0,-822027,114,28,0,0,0,0,0,
0 4 . 0 2 . 2 0 1 6   1 6 : 3 6 : 4 8 , Mini,300,1,0,60,0,130,0,86,0,0,0,0,0,0,0,4168,0,86,0,-821119,114,28,0,0,0,0,0,
0 4 . 0 2 . 2 0 1 6   1 6 : 3 6 : 4 8 , Mini,290,1,0,56,0,140,0,82,0,0,0,0,0,0,0,4173,0,78,0,-820406,114,28,0,0,0,0,0,
0 4 . 0 2 . 2 0 1 6   1 6 : 3 6 : 4 9 , Mini,280,1,0,62,0,138,0,86,0,0,0,0,0,0,0,4163,0,79,0,-819687,108,28,0,0,0,0,0,
0 4 . 0 2 . 2 0 1 6   1 6 : 3 6 : 5 0 , Mini,270,1,0,50,0,138,0,86,0,0,0,0,0,0,0,4179,0,87,0,-818773,112,28,0,0,0,0,0,
0 4 . 0 2 . 2 0 1 6   1 6 : 3 6 : 5 0 , Mini,260,1,0,56,0,156,0,84,0,0,0,0,0,0,0,4173,0,99,0,-818057,112,28,0,0,0,0,0,
0 4 . 0 2 . 2 0 1 6   1 6 : 3 6 : 5 1 , Mini,250,1,0,56,0,150,0,88,0,0,0,0,0,0,0,4168,0,88,0,-817360,106,28,0,0,0,0,0,
0 4 . 0 2 . 2 0 1 6   1 6 : 3 6 : 5 1 , Mini,240,1,0,60,0,150,0,80,0,0,0,0,0,0,0,4168,0,124,0,-816637,122,28,0,0,0,0,0,
0 4 . 0 2 . 2 0 1 6   1 6 : 3 6 : 5 2 , Mini,230,1,0,76,0,140,0,84,0,0,0,0,0,0,0,4173,0,81,0,-815814,110,28,0,0,0,0,0,
0 4 . 0 2 . 2 0 1 6   1 6 : 3 6 : 5 3 , Mini,220,1,0,76,0,134,0,88,0,0,0,0,0,0,0,4173,0,91,0,-815093,112,28,0,0,0,0,0,
0 4 . 0 2 . 2 0 1 6   1 6 : 3 6 : 5 4 , Mini,220,1,0,76,0,134,0,88,0,0,0,0,0,0,0,4173,0,91,0,-815093,112,28,0,0,0,0,0,
0 4 . 0 2 . 2 0 1 6   1 6 : 3 6 : 5 5 , Mini,180,1,0,66,0,134,0,88,0,0,0,0,0,0,0,4179,0,72,0,-811744,116,28,0,0,0,0,0,
0 4 . 0 2 . 2 0 1 6   1 6 : 3 6 : 5 5 , Mini,170,1,0,60,0,132,0,86,0,0,0,0,0,0,0,4168,0,100,0,-811027,108,28,0,0,0,0,0,
0 4 . 0 2 . 2 0 1 6   1 6 : 3 6 : 5 6 , Mini,160,1,0,54,0,138,0,82,0,0,0,0,0,0,0,4173,0,97,0,-810306,116,28,0,0,0,0,0,
0 4 . 0 2 . 2 0 1 6   1 6 : 3 6 : 5 7 , Mini,150,1,0,62,0,138,0,86,0,0,0,0,0,0,0,4173,0,115,0,-809414,116,28,0,0,0,0,0,
0 4 . 0 2 . 2 0 1 6   1 6 : 3 6 : 5 7 , Mini,140,1,0,52,0,150,0,88,0,0,0,0,0,0,0,4179,0,101,0,-808693,118,28,0,0,0,0,0,
0 4 . 0 2 . 2 0 1 6   1 6 : 3 6 : 5 8 , Mini,130,1,0,58,0,154,0,84,0,0,0,0,0,0,0,4168,0,86,0,-807986,116,28,0,0,0,0,0,
0 4 . 0 2 . 2 0 1 6   1 6 : 3 6 : 5 8 , Mini,120,1,0,74,0,144,0,80,0,0,0,0,0,0,0,4168,0,95,0,-806984,112,28,0,0,0,0,0,
0 4 . 0 2 . 2 0 1 6   1 6 : 3 6 : 5 9 , Mini,110,1,0,72,0,132,0,82,0,0,0,0,0,0,0,4173,0,86,0,-806270,108,28,0,0,0,0,0,
0 4 . 0 2 . 2 0 1 6   1 6 : 3 7 : 0 0 , Mini,100,1,0,76,0,140,0,84,0,0,0,0,0,0,0,4168,0,97,0,-805538,120,28,0,0,0,0,0,
0 4 . 0 2 . 2 0 1 6   1 6 : 3 7 : 2 5 , Mini,440,1,0,76,0,136,0,84,0,0,0,0,0,0,0,4173,0,102,0,-836968,7274,0,174,0,0,0,0,
0 4 . 0 2 . 2 0 1 6   1 6 : 3 7 : 2 5 , Mini,430,1,0,74,0,124,0,86,0,0,0,0,0,0,0,4173,0,88,0,-836243,7276,0,213,0,0,0,0,
0 4 . 0 2 . 2 0 1 6   1 6 : 3 7 : 2 6 , Mini,420,1,0,74,0,136,0,86,0,0,0,0,0,0,0,4173,0,91,0,-835304,114,28,0,0,0,0,0,
0 4 . 0 2 . 2 0 1 6   1 6 : 3 7 : 2 6 , Mini,410,1,0,66,0,148,0,80,0,0,0,0,0,0,0,4168,0,88,0,-829587,114,28,0,0,0,0,0,
0 4 . 0 2 . 2 0 1 6   1 6 : 3 7 : 2 7 , Mini,400,1,0,52,0,138,0,84,0,0,0,0,0,0,0,4179,0,115,0,-829285,120,28,0,0,0,0,0,
0 4 . 0 2 . 2 0 1 6   1 6 : 3 7 : 2 8 , Mini,390,1,0,62,0,148,0,86,0,0,0,0,0,0,0,4179,0,106,0,-828290,108,28,0,0,0,0,0,
0 4 . 0 2 . 2 0 1 6   1 6 : 3 7 : 2 8 , Mini,380,1,0,52,0,152,0,88,0,0,0,0,0,0,0,4179,0,98,0,-827581,116,28,0,0,0,0,0,
0 4 . 0 2 . 2 0 1 6   1 6 : 3 7 : 2 9 , Mini,370,1,0,58,0,148,0,78,0,0,0,0,0,0,0,4173,0,99,0,-826878,112,28,0,0,0,0,0,
0 4 . 0 2 . 2 0 1 6   1 6 : 3 7 : 2 9 , Mini,360,1,0,60,0,148,0,88,0,0,0,0,0,0,0,4173,0,103,0,-825962,114,28,0,0,0,0,0,
0 4 . 0 2 . 2 0 1 6   1 6 : 3 7 : 3 0 , Mini,350,1,0,62,0,146,0,76,0,0,0,0,0,0,0,4179,0,80,0,-825219,110,28,0,0,0,0,0,
0 4 . 0 2 . 2 0 1 6   1 6 : 3 7 : 3 1 , Mini,340,1,0,72,0,134,0,86,0,0,0,0,0,0,0,4173,0,106,0,-824406,116,28,0,0,0,0,0,
0 4 . 0 2 . 2 0 1 6   1 6 : 3 7 : 3 1 , Mini,330,1,0,70,0,134,0,80,0,0,0,0,0,0,0,4173,0,82,0,-823490,116,28,0,0,0,0,0,
0 4 . 0 2 . 2 0 1 6   1 6 : 3 7 : 3 2 , Mini,320,1,0,60,0,124,0,82,0,0,0,0,0,0,0,4173,0,96,0,-822771,108,28,0,0,0,0,0,
0 4 . 0 2 . 2 0 1 6   1 6 : 3 7 : 3 2 , Mini,310,1,0,68,0,136,0,86,0,0,0,0,0,0,0,4163,0,93,0,-822027,114,28,0,0,0,0,0,
0 4 . 0 2 . 2 0 1 6   1 6 : 3 7 : 3 3 , Mini,300,1,0,60,0,130,0,86,0,0,0,0,0,0,0,4168,0,86,0,-821119,114,28,0,0,0,0,0,
0 4 . 0 2 . 2 0 1 6   1 6 : 3 7 : 3 4 , Mini,290,1,0,56,0,140,0,82,0,0,0,0,0,0,0,4173,0,78,0,-820406,114,28,0,0,0,0,0,
0 4 . 0 2 . 2 0 1 6   1 6 : 3 7 : 3 4 , Mini,280,1,0,62,0,138,0,86,0,0,0,0,0,0,0,4163,0,79,0,-819687,108,28,0,0,0,0,0,
0 4 . 0 2 . 2 0 1 6   1 6 : 3 7 : 3 5 , Mini,270,1,0,50,0,138,0,86,0,0,0,0,0,0,0,4179,0,87,0,-818773,112,28,0,0,0,0,0,
0 4 . 0 2 . 2 0 1 6   1 6 : 3 7 : 3 5 , Mini,260,1,0,56,0,156,0,84,0,0,0,0,0,0,0,4173,0,99,0,-818057,112,28,0,0,0,0,0,
0 4 . 0 2 . 2 0 1 6   1 6 : 3 7 : 3 6 , Mini,250,0,56,0,38400,0,22528,0,0,0,0,0,0,0,72,16,22528,0,48,1795158919,7168,0,0,0,0,0,192,
0 4 . 0 2 . 2 0 1 6   1 6 : 3 7 : 3 6 , Mini,240,1,0,60,0,150,0,80,0,0,0,0,0,0,0,4168,0,124,0,-816637,122,28,0,0,0,0,0,
0 4 . 0 2 . 2 0 1 6   1 6 : 3 7 : 3 7 , Mini,230,1,0,76,0,140,0,84,0,0,0,0,0,0,0,4173,0,81,0,-815814,110,28,0,0,0,0,0,
0 4 . 0 2 . 2 0 1 6   1 6 : 3 7 : 3 8 , Mini,220,1,0,76,0,134,0,88,0,0,0,0,0,0,0,4173,0,91,0,-815093,112,28,0,0,0,0,0,
0 4 . 0 2 . 2 0 1 6   1 6 : 3 7 : 3 8 , Mini,210,1,0,74,0,136,0,88,0,0,0,0,0,0,0,4173,0,61,0,-814190,112,28,0,0,0,0,0,
0 4 . 0 2 . 2 0 1 6   1 6 : 3 7 : 3 9 , Mini,200,1,0,68,0,136,0,84,0,0,0,0,0,0,0,4179,0,73,0,-813488,106,28,0,0,0,0,0,
0 4 . 0 2 . 2 0 1 6   1 6 : 3 7 : 3 9 , Mini,190,1,0,56,0,126,0,88,0,0,0,0,0,0,0,4173,0,90,0,-812769,114,28,0,0,0,0,0,
0 4 . 0 2 . 2 0 1 6   1 6 : 3 7 : 4 0 , Mini,180,1,0,66,0,134,0,88,0,0,0,0,0,0,0,4179,0,72,0,-811744,116,28,0,0,0,0,0,
0 4 . 0 2 . 2 0 1 6   1 6 : 3 7 : 4 1 , Mini,170,1,0,60,0,132,0,86,0,0,0,0,0,0,0,4168,0,100,0,-811027,108,28,0,0,0,0,0,
0 4 . 0 2 . 2 0 1 6   1 6 : 3 7 : 4 1 , Mini,160,1,0,54,0,138,0,82,0,0,0,0,0,0,0,4173,0,97,0,-810306,116,28,0,0,0,0,0,
0 4 . 0 2 . 2 0 1 6   1 6 : 3 7 : 4 2 , Mini,150,1,0,62,0,138,0,86,0,0,0,0,0,0,0,4173,0,115,0,-809414,116,28,0,0,0,0,0,
0 4 . 0 2 . 2 0 1 6   1 6 : 3 7 : 4 2 , Mini,140,1,0,52,0,150,0,88,0,0,0,0,0,0,0,4179,0,101,0,-808693,118,28,0,0,0,0,0,
0 4 . 0 2 . 2 0 1 6   1 6 : 3 7 : 4 3 , Mini,130,1,0,58,0,154,0,84,0,0,0,0,0,0,0,4168,0,86,0,-807986,116,28,0,0,0,0,0,
0 4 . 0 2 . 2 0 1 6   1 6 : 4 1 : 4 0 , Mini,690,1,0,74,0,152,0,86,0,0,0,0,0,0,0,4168,0,84,0,-860807,7280,0,20,0,0,0,0,
0 4 . 0 2 . 2 0 1 6   1 6 : 4 1 : 4 1 , Mini,680,1,0,66,0,138,0,76,0,0,0,0,0,0,0,4179,0,83,0,-860090,7284,0,52,0,0,0,0,
0 4 . 0 2 . 2 0 1 6   1 6 : 4 1 : 4 1 , Mini,670,1,0,78,0,140,0,82,0,0,0,0,0,0,0,4179,0,99,0,-859357,7282,0,19,0,0,0,0,
0 4 . 0 2 . 2 0 1 6   1 6 : 4 1 : 4 2 , Mini,660,1,0,74,0,134,0,80,0,0,0,0,0,0,0,4179,0,92,0,-858468,7278,0,236,0,0,0,0,
0 4 . 0 2 . 2 0 1 6   1 6 : 4 1 : 4 3 , Mini,650,1,0,72,0,122,0,82,0,0,0,0,0,0,0,4173,0,119,0,-857650,7280,0,15,0,0,0,0,
0 4 . 0 2 . 2 0 1 6   1 6 : 4 1 : 4 3 , Mini,640,1,0,72,0,136,0,86,0,0,0,0,0,0,0,4163,0,87,0,-856932,7282,0,113,0,0,0,0,
0 4 . 0 2 . 2 0 1 6   1 6 : 4 1 : 4 4 , Mini,630,1,0,66,0,148,0,86,0,0,0,0,0,0,0,4173,0,96,0,-856196,7278,0,224,0,0,0,0,
0 4 . 0 2 . 2 0 1 6   1 6 : 4 1 : 4 5 , Mini,610,1,0,66,0,138,0,74,0,0,0,0,0,0,0,4173,0,103,0,-854731,7284,0,54,0,0,0,0,
0 4 . 0 2 . 2 0 1 6   1 6 : 4 1 : 4 6 , Mini,600,1,0,78,0,140,0,82,0,0,0,0,0,0,0,4173,0,91,0,-853721,7276,0,202,0,0,0,0,
0 4 . 0 2 . 2 0 1 6   1 6 : 4 1 : 4 6 , Mini,590,1,0,74,0,132,0,82,0,0,0,0,0,0,0,4168,0,104,0,-853000,7286,0,155,0,0,0,0,
0 4 . 0 2 . 2 0 1 6   1 6 : 4 1 : 4 7 , Mini,580,1,0,72,0,134,0,80,0,0,0,0,0,0,0,4173,0,110,0,-852283,7280,0,118,0,0,0,0,
0 4 . 0 2 . 2 0 1 6   1 6 : 4 1 : 4 7 , Mini,570,1,0,78,0,134,0,82,0,0,0,0,0,0,0,4179,0,101,0,-851540,7276,0,69,0,0,0,0,
0 4 . 0 2 . 2 0 1 6   1 6 : 4 1 : 4 8 , Mini,560,1,0,72,0,130,0,82,0,0,0,0,0,0,0,4173,0,89,0,-850811,7278,0,165,0,0,0,0,
0 4 . 0 2 . 2 0 1 6   1 6 : 4 1 : 4 9 , Mini,550,1,0,54,0,154,0,84,0,0,0,0,0,0,0,4173,0,91,0,-850099,7282,0,2,0,0,0,0,
0 4 . 0 2 . 2 0 1 6   1 6 : 4 1 : 4 9 , Mini,540,1,0,60,0,138,0,88,0,0,0,0,0,0,0,4163,0,76,0,-849186,7280,0,217,0,0,0,0,
0 4 . 0 2 . 2 0 1 6   1 6 : 4 1 : 5 0 , Mini,530,1,0,50,0,150,0,76,0,0,0,0,0,0,0,4168,0,92,0,-848390,7284,0,161,0,0,0,0,
0 4 . 0 2 . 2 0 1 6   1 6 : 4 1 : 5 0 , Mini,520,1,0,58,0,154,0,86,0,0,0,0,0,0,0,4163,0,90,0,-847670,7276,0,150,0,0,0,0,
0 4 . 0 2 . 2 0 1 6   1 6 : 4 1 : 5 1 , Mini,510,1,0,60,0,150,0,86,0,0,0,0,0,0,0,4173,0,91,0,-846756,7272,0,195,0,0,0,0,
0 4 . 0 2 . 2 0 1 6   1 6 : 4 1 : 5 1 , Mini,500,1,0,60,0,146,0,82,0,0,0,0,0,0,0,4173,0,85,0,-846045,7280,0,9,0,0,0,0,
0 4 . 0 2 . 2 0 1 6   1 6 : 4 1 : 5 2 , Mini,490,1,0,66,0,148,0,84,0,0,0,0,0,0,0,4179,0,75,0,-845334,7282,0,90,0,0,0,0,
0 4 . 0 2 . 2 0 1 6   1 6 : 4 1 : 5 3 , Mini,480,1,0,76,0,150,0,76,0,0,0,0,0,0,0,4173,0,98,0,-844414,7274,0,146,0,0,0,0,
0 4 . 0 2 . 2 0 1 6   1 6 : 4 1 : 5 3 , Mini,470,1,0,78,0,152,0,84,0,0,0,0,0,0,0,4179,0,104,0,-843693,7274,0,102,0,0,0,0,
0 4 . 0 2 . 2 0 1 6   1 6 : 4 1 : 5 4 , Mini,460,1,0,76,0,150,0,80,0,0,0,0,0,0,0,4168,0,115,0,-842960,7282,0,179,0,0,0,0,
0 4 . 0 2 . 2 0 1 6   1 6 : 4 1 : 5 4 , Mini,450,1,0,52,0,150,0,78,0,0,0,0,0,0,0,4173,0,98,0,-837180,7278,0,33,0,0,0,0,
0 4 . 0 2 . 2 0 1 6   1 6 : 4 1 : 5 5 , Mini,440,1,0,76,0,136,0,84,0,0,0,0,0,0,0,4173,0,102,0,-836968,7274,0,174,0,0,0,0,
0 4 . 0 2 . 2 0 1 6   1 6 : 4 1 : 5 6 , Mini,430,1,0,74,0,124,0,86,0,0,0,0,0,0,0,4173,0,88,0,-836243,7276,0,213,0,0,0,0,
0 4 . 0 2 . 2 0 1 6   1 6 : 4 1 : 5 6 , Mini,420,1,0,74,0,136,0,86,0,0,0,0,0,0,0,4173,0,91,0,-835304,114,28,0,0,0,0,0,
0 4 . 0 2 . 2 0 1 6   1 6 : 4 1 : 5 7 , Mini,410,1,0,66,0,148,0,80,0,0,0,0,0,0,0,4168,0,88,0,-829587,114,28,0,0,0,0,0,
0 4 . 0 2 . 2 0 1 6   1 6 : 4 1 : 5 7 , Mini,400,1,0,52,0,138,0,84,0,0,0,0,0,0,0,4179,0,115,0,-829285,120,28,0,0,0,0,0,
0 4 . 0 2 . 2 0 1 6   1 6 : 4 1 : 5 8 , Mini,390,1,0,62,0,148,0,86,0,0,0,0,0,0,0,4179,0,106,0,-828290,108,28,0,0,0,0,0,
0 4 . 0 2 . 2 0 1 6   1 6 : 4 1 : 5 8 , Mini,380,1,0,52,0,152,0,88,0,0,0,0,0,0,0,4179,0,98,0,-827581,116,28,0,0,0,0,0,
0 4 . 0 2 . 2 0 1 6   1 9 : 0 8 : 2 0 , Norm,-121,31,0,60,1,0,52,0,150,0,86,0,0,0,0,0,0,0,4163,0,116,0,-6188,114,28,0,0,0,0,0,0,0,0,0,0,0,0,
0 4 . 0 2 . 2 0 1 6   1 9 : 0 8 : 4 9 , Norm,-87,30,127,90,1,0,58,0,150,0,80,0,0,0,0,0,0,0,4179,0,90,0,-8491,114,28,0,0,0,0,0,0,0,0,0,0,0,0,
0 4 . 0 2 . 2 0 1 6   1 9 : 0 9 : 1 9 , Norm,-87,30,85,120,1,0,66,0,140,0,76,0,0,0,0,0,0,0,4163,0,81,0,-10897,114,28,0,0,0,0,0,0,0,0,0,0,0,0,
0 4 . 0 2 . 2 0 1 6   1 9 : 0 9 : 4 2 , Norm,-87,30,85,120,1,0,66,0,140,0,76,0,0,0,0,0,0,0,4163,0,81,0,-10897,114,28,0,0,0,0,0,0,0,0,0,0,0,0,
0 4 . 0 2 . 2 0 1 6   1 9 : 1 0 : 1 0 , Norm,-87,31,85,30,1,0,66,0,140,0,76,0,0,0,0,0,0,0,4179,0,72,0,-14929,114,28,0,0,0,0,0,0,0,0,0,0,0,0,
0 4 . 0 2 . 2 0 1 6   1 9 : 1 0 : 2 5 , Norm,-87,30,85,45,1,0,62,0,138,0,88,0,0,0,0,0,0,0,4173,0,115,0,-16098,114,28,0,0,0,0,0,0,0,0,0,0,0,0,
0 4 . 0 2 . 2 0 1 6   1 9 : 1 0 : 2 6 , Norm,-87,30,85,45,1,0,62,0,138,0,88,0,0,0,0,0,0,0,4173,0,115,0,-16098,114,28,0,0,0,0,0,0,0,0,0,0,0,0,
0 4 . 0 2 . 2 0 1 6   1 9 : 1 3 : 0 5 , Norm,-87,31,85,42,1,0,74,0,124,0,82,0,0,0,0,0,0,0,4179,0,114,0,-19616,118,28,0,0,0,0,0,0,0,0,0,0,0,0,
0 4 . 0 2 . 2 0 1 6   1 9 : 1 4 : 2 3 , Norm,-87,31,85,60,1,0,78,0,142,0,84,0,0,0,0,0,0,0,4173,0,95,0,-33478,112,28,0,0,0,0,0,0,0,0,0,0,0,0,
0 4 . 0 2 . 2 0 1 6   1 9 : 1 4 : 3 4 , Norm,-87,31,85,71,1,0,56,0,142,0,86,0,0,0,0,0,0,0,4173,0,96,0,-34315,118,28,0,0,0,0,0,0,0,0,0,0,0,0,
0 4 . 0 2 . 2 0 1 6   1 9 : 1 4 : 5 2 , Norm,-86,30,85,90,1,0,66,0,150,0,86,0,0,0,0,0,0,0,4163,0,90,0,-35852,112,28,0,0,0,0,0,0,0,0,0,0,0,0,
0 4 . 0 2 . 2 0 1 6   1 9 : 1 5 : 0 4 , Norm,-86,30,85,90,1,0,66,0,150,0,86,0,0,0,0,0,0,0,4163,0,90,0,-35852,112,28,0,0,0,0,0,0,0,0,0,0,0,0,
0 4 . 0 2 . 2 0 1 6   1 9 : 1 5 : 2 2 , Norm,-87,31,67,120,1,0,74,0,132,0,82,0,0,0,0,0,0,0,4173,0,83,0,-38694,108,28,0,0,0,0,0,0,0,0,0,0,0,0,
0 4 . 0 2 . 2 0 1 6   1 9 : 1 5 : 3 2 , Norm,-87,31,85,131,1,0,62,0,148,0,88,0,0,0,0,0,0,0,4184,0,123,0,-39656,108,28,0,0,0,0,0,0,0,0,0,0,0,0,
0 4 . 0 2 . 2 0 1 6   1 9 : 1 5 : 5 1 , Norm,-86,31,85,150,1,0,60,0,152,0,84,0,0,0,0,0,0,0,4163,0,94,0,-41129,110,28,0,0,0,0,0,0,0,0,0,0,0,0,
0 4 . 0 2 . 2 0 1 6   1 9 : 1 6 : 0 2 , Norm,-87,30,67,161,1,0,70,0,134,0,86,0,0,0,0,0,0,0,4168,0,118,0,-42066,116,28,0,0,0,0,0,0,0,0,0,0,0,0,
0 4 . 0 2 . 2 0 1 6   1 9 : 1 6 : 2 0 , Norm,-86,31,85,180,1,0,52,0,150,0,88,0,0,0,0,0,0,0,4168,0,98,0,-43536,108,28,0,0,0,0,0,0,0,0,0,0,0,0,
0 4 . 0 2 . 2 0 1 6   1 9 : 1 6 : 3 1 , Norm,-87,30,85,191,1,0,58,0,152,0,80,0,0,0,0,0,0,0,4173,0,86,0,-44593,106,28,0,0,0,0,0,0,0,0,0,0,0,0,
0 4 . 0 2 . 2 0 1 6   1 9 : 1 6 : 4 9 , Norm,-87,30,76,210,1,0,56,0,126,0,86,0,0,0,0,0,0,0,4173,0,95,0,-46065,112,28,0,0,0,0,0,0,0,0,0,0,0,0,
0 4 . 0 2 . 2 0 1 6   1 9 : 1 7 : 0 0 , Norm,-87,30,67,221,1,0,60,0,138,0,86,0,0,0,0,0,0,0,4173,0,101,0,-47012,110,28,0,0,0,0,0,0,0,0,0,0,0,0,
0 4 . 0 2 . 2 0 1 6   1 9 : 1 7 : 1 9 , Norm,-87,31,67,240,1,0,58,0,148,0,78,0,0,0,0,0,0,0,4173,0,88,0,-48594,114,28,0,0,0,0,0,0,0,0,0,0,0,0,
0 4 . 0 2 . 2 0 1 6   1 9 : 1 7 : 2 9 , Norm,-87,30,85,251,1,0,74,0,124,0,84,0,0,0,0,0,0,0,4173,0,99,0,-49443,108,28,0,0,0,0,0,0,0,0,0,0,0,0,
0 4 . 0 2 . 2 0 1 6   1 9 : 1 7 : 4 8 , Norm,-87,30,76,270,1,0,66,0,138,0,82,0,0,0,0,0,0,0,4173,0,87,0,-51014,116,28,0,0,0,0,0,0,0,0,0,0,0,0,
0 4 . 0 2 . 2 0 1 6   1 9 : 1 7 : 5 9 , Norm,-87,31,85,281,1,0,66,0,140,0,76,0,0,0,0,0,0,0,4173,0,101,0,-51860,110,28,0,0,0,0,0,0,0,0,0,0,0,0,
0 4 . 0 2 . 2 0 1 6   1 9 : 1 8 : 1 7 , Norm,-87,31,85,300,1,0,76,0,138,0,84,0,0,0,0,0,0,0,4173,0,99,0,-53432,114,28,0,0,0,0,0,0,0,0,0,0,0,0,
0 4 . 0 2 . 2 0 1 6   1 9 : 1 8 : 2 8 , Norm,-87,31,67,311,1,0,74,0,136,0,88,0,0,0,0,0,0,0,4158,0,84,0,-54377,118,28,0,0,0,0,0,0,0,0,0,0,0,0,
0 4 . 0 2 . 2 0 1 6   1 9 : 1 8 : 4 6 , Norm,-87,31,85,330,1,0,60,0,138,0,84,0,0,0,0,0,0,0,4163,0,111,0,-55944,110,28,0,0,0,0,0,0,0,0,0,0,0,0,
0 4 . 0 2 . 2 0 1 6   1 9 : 1 9 : 1 6 , Norm,-87,31,76,360,1,0,72,0,134,0,82,0,0,0,0,0,0,0,4173,0,92,0,-58278,112,28,0,0,0,0,0,0,0,0,0,0,0,0,
0 4 . 0 2 . 2 0 1 6   1 9 : 1 9 : 4 5 , Norm,-87,31,85,390,1,0,76,0,150,0,80,0,0,0,0,0,0,0,4173,0,89,0,-60579,114,28,0,0,0,0,0,0,0,0,0,0,0,0,
0 4 . 0 2 . 2 0 1 6   1 9 : 2 0 : 0 9 , Norm,-87,31,85,390,1,0,76,0,150,0,80,0,0,0,0,0,0,0,4173,0,89,0,-60579,114,28,0,0,0,0,0,0,0,0,0,0,0,0,
0 4 . 0 2 . 2 0 1 6   1 9 : 2 1 : 4 4 , Norm,-87,30,85,30,1,0,72,0,136,0,82,0,0,0,0,0,0,0,4173,0,86,0,-69620,114,28,0,0,0,0,0,0,0,0,0,0,0,0,
0 4 . 0 2 . 2 0 1 6   1 9 : 2 2 : 0 0 , Norm,-87,30,85,30,1,0,72,0,136,0,82,0,0,0,0,0,0,0,4173,0,86,0,-69620,114,28,0,0,0,0,0,0,0,0,0,0,0,0,
0 4 . 0 2 . 2 0 1 6   1 9 : 2 5 : 0 6 , Norm,-87,31,85,30,1,0,74,0,126,0,84,0,0,0,0,0,0,0,4179,0,99,0,-84207,114,28,0,0,0,0,0,0,0,0,0,0,0,0,
0 4 . 0 2 . 2 0 1 6   1 9 : 2 5 : 2 7 , Norm,-87,31,76,51,1,0,74,0,136,0,82,0,0,0,0,0,0,0,4184,0,91,0,-85915,116,28,0,0,0,0,0,0,0,0,0,0,0,0,
0 4 . 0 2 . 2 0 1 6   1 9 : 2 5 : 3 5 , Norm,-87,31,85,60,1,0,68,0,140,0,76,0,0,0,0,0,0,0,4179,0,127,0,-86668,110,28,0,0,0,0,0,0,0,0,0,0,0,0,
0 4 . 0 2 . 2 0 1 6   1 9 : 2 5 : 5 6 , Norm,-87,31,76,81,1,0,76,0,152,0,80,0,0,0,0,0,0,0,4168,0,108,0,-88358,116,28,0,0,0,0,0,0,0,0,0,0,0,0,
0 4 . 0 2 . 2 0 1 6   1 9 : 2 6 : 0 5 , Norm,-87,31,76,81,1,0,76,0,152,0,80,0,0,0,0,0,0,0,4168,0,108,0,-88358,116,28,0,0,0,0,0,0,0,0,0,0,0,0,
0 4 . 0 2 . 2 0 1 6   1 9 : 2 6 : 2 5 , Norm,-87,30,85,111,1,0,58,0,152,0,82,0,0,0,0,0,0,0,4173,0,83,0,-91225,116,28,0,0,0,0,0,0,0,0,0,0,0,0,
0 4 . 0 2 . 2 0 1 6   1 9 : 2 6 : 3 4 , Norm,-87,31,67,120,1,0,80,0,140,0,84,0,0,0,0,0,0,0,4163,0,109,0,-91983,112,28,0,0,0,0,0,0,0,0,0,0,0,0,
0 4 . 0 2 . 2 0 1 6   1 9 : 2 6 : 4 7 , Norm,-87,31,67,120,1,0,80,0,140,0,84,0,0,0,0,0,0,0,4163,0,109,0,-91983,112,28,0,0,0,0,0,0,0,0,0,0,0,0,
0 4 . 0 2 . 2 0 1 6   1 9 : 2 7 : 0 8 , Norm,-87,31,67,120,1,0,80,0,140,0,84,0,0,0,0,0,0,0,4163,0,109,0,-91983,112,28,0,0,0,0,0,0,0,0,0,0,0,0,
0 4 . 0 2 . 2 0 1 6   1 9 : 2 9 : 5 7 , Norm,-87,30,85,60,1,0,72,0,124,0,82,0,0,0,0,0,0,0,4173,0,76,0,-107740,114,28,0,0,0,0,0,0,0,0,0,0,0,0,
0 4 . 0 2 . 2 0 1 6   1 9 : 3 0 : 2 6 , Norm,-87,30,85,90,1,0,68,0,142,0,76,0,0,0,0,0,0,0,4173,0,110,0,-110058,110,28,0,0,0,0,0,0,0,0,0,0,0,0,
0 4 . 0 2 . 2 0 1 6   1 9 : 3 0 : 5 6 , Norm,-87,31,85,120,1,0,72,0,134,0,88,0,0,0,0,0,0,0,4168,0,105,0,-112485,110,28,0,0,0,0,0,0,0,0,0,0,0,0,
0 4 . 0 2 . 2 0 1 6   1 9 : 3 1 : 2 5 , Norm,-87,31,85,150,1,0,78,0,142,0,84,0,0,0,0,0,0,0,4168,0,84,0,-114800,110,28,0,0,0,0,0,0,0,0,0,0,0,0,
0 4 . 0 2 . 2 0 1 6   1 9 : 3 1 : 5 4 , Norm,-87,30,85,180,1,0,66,0,150,0,88,0,0,0,0,0,0,0,4173,0,102,0,-117187,112,28,0,0,0,0,0,0,0,0,0,0,0,0,
0 4 . 0 2 . 2 0 1 6   1 9 : 3 2 : 2 3 , Norm,-87,31,85,210,1,0,74,0,132,0,80,0,0,0,0,0,0,0,4163,0,87,0,-119468,114,28,0,0,0,0,0,0,0,0,0,0,0,0,
0 4 . 0 2 . 2 0 1 6   1 9 : 3 2 : 5 3 , Norm,-87,31,85,240,1,0,60,0,152,0,84,0,0,0,0,0,0,0,4168,0,107,0,-121879,118,28,0,0,0,0,0,0,0,0,0,0,0,0,
0 4 . 0 2 . 2 0 1 6   1 9 : 3 3 : 2 2 , Norm,-87,31,85,270,1,0,54,0,152,0,90,0,0,0,0,0,0,0,4173,0,81,0,-124209,106,28,0,0,0,0,0,0,0,0,0,0,0,0,
0 4 . 0 2 . 2 0 1 6   1 9 : 3 3 : 5 1 , Norm,-87,31,85,300,1,0,68,0,138,0,76,0,0,0,0,0,0,0,4173,0,75,0,-126627,112,28,0,0,0,0,0,0,0,0,0,0,0,0,
0 4 . 0 2 . 2 0 1 6   1 9 : 3 4 : 2 0 , Norm,-87,31,85,330,1,0,60,0,148,0,80,0,0,0,0,0,0,0,4173,0,112,0,-128916,108,28,0,0,0,0,0,0,0,0,0,0,0,0,
0 4 . 0 2 . 2 0 1 6   1 9 : 3 4 : 5 0 , Norm,-87,31,85,360,1,0,66,0,140,0,84,0,0,0,0,0,0,0,4173,0,100,0,-131194,112,28,0,0,0,0,0,0,0,0,0,0,0,0,
0 4 . 0 2 . 2 0 1 6   1 9 : 3 5 : 1 9 , Norm,-87,31,85,390,1,0,76,0,140,0,86,0,0,0,0,0,0,0,4173,0,90,0,-133595,110,28,0,0,0,0,0,0,0,0,0,0,0,0,
0 4 . 0 2 . 2 0 1 6   1 9 : 3 5 : 4 8 , Norm,-87,31,85,420,1,0,60,0,140,0,86,0,0,0,0,0,0,0,4168,0,100,0,-135867,118,28,0,0,0,0,0,0,0,0,0,0,0,0,
0 4 . 0 2 . 2 0 1 6   1 9 : 3 6 : 1 7 , Norm,-87,30,67,450,1,0,74,0,138,0,84,0,0,0,0,0,0,0,4173,0,83,0,-138235,116,28,0,0,0,0,0,0,0,0,0,0,0,0,
0 4 . 0 2 . 2 0 1 6   1 9 : 3 6 : 4 7 , Norm,-87,30,76,480,1,0,76,0,152,0,82,0,0,0,0,0,0,0,4163,0,116,0,-140548,120,28,0,0,0,0,0,0,0,0,0,0,0,0,
0 4 . 0 2 . 2 0 1 6   1 9 : 3 7 : 0 8 , Norm,-87,30,76,480,1,0,76,0,152,0,82,0,0,0,0,0,0,0,4163,0,116,0,-140548,120,28,0,0,0,0,0,0,0,0,0,0,0,0,
0 4 . 0 2 . 2 0 1 6   1 9 : 3 7 : 3 9 , Norm,-87,30,76,480,1,0,76,0,152,0,82,0,0,0,0,0,0,0,4163,0,116,0,-140548,120,28,0,0,0,0,0,0,0,0,0,0,0,0,
0 4 . 0 2 . 2 0 1 6   1 9 : 3 8 : 3 7 , Norm,-87,31,85,60,1,0,72,0,130,0,82,0,0,0,0,0,0,0,4173,0,100,0,-149225,118,28,0,0,0,0,0,0,0,0,0,0,0,0,
0 4 . 0 2 . 2 0 1 6   1 9 : 3 9 : 0 6 , Norm,-87,31,85,90,1,0,66,0,138,0,82,0,0,0,0,0,0,0,4173,0,109,0,-151655,112,28,0,0,0,0,0,0,0,0,0,0,0,0,
0 4 . 0 2 . 2 0 1 6   1 9 : 3 9 : 1 1 , Mini,90,1,0,74,0,126,0,84,0,0,0,0,0,0,0,4173,0,93,0,-151442,114,28,0,0,0,0,0,
0 4 . 0 2 . 2 0 1 6   1 9 : 3 9 : 1 1 , Mini,80,1,0,74,0,138,0,88,0,0,0,0,0,0,0,4179,0,92,0,-150730,108,28,0,0,0,0,0,
0 4 . 0 2 . 2 0 1 6   1 9 : 3 9 : 1 2 , Mini,70,1,0,70,0,134,0,88,0,0,0,0,0,0,0,4173,0,95,0,-149993,106,28,0,0,0,0,0,
0 4 . 0 2 . 2 0 1 6   1 9 : 3 9 : 1 3 , Mini,60,1,0,60,0,138,0,84,0,0,0,0,0,0,0,4173,0,88,0,-149123,116,28,0,0,0,0,0,
0 4 . 0 2 . 2 0 1 6   1 9 : 3 9 : 1 3 , Mini,50,1,0,56,0,142,0,84,0,0,0,0,0,0,0,4179,0,127,0,-148405,106,28,0,0,0,0,0,
0 4 . 0 2 . 2 0 1 6   1 9 : 3 9 : 1 4 , Mini,40,1,0,64,0,148,0,90,0,0,0,0,0,0,0,4179,0,94,0,-147664,114,28,0,0,0,0,0,
0 4 . 0 2 . 2 0 1 6   1 9 : 3 9 : 1 4 , Mini,30,1,0,56,0,152,0,82,0,0,0,0,0,0,0,4168,0,92,0,-146950,112,28,0,0,0,0,0,
0 4 . 0 2 . 2 0 1 6   1 9 : 3 9 : 1 5 , Mini,20,1,0,62,0,148,0,82,0,0,0,0,0,0,0,4163,0,91,0,-146225,114,28,0,0,0,0,0,
0 4 . 0 2 . 2 0 1 6   1 9 : 3 9 : 1 6 , Mini,10,1,0,72,0,148,0,84,0,0,0,0,0,0,0,4173,0,123,0,-145509,114,28,0,0,0,0,0,
0 4 . 0 2 . 2 0 1 6   1 9 : 3 9 : 1 6 , Mini,30,1,0,76,0,140,0,86,0,0,0,0,0,0,0,4163,0,107,0,-144445,116,28,0,0,0,0,0,
0 4 . 0 2 . 2 0 1 6   1 9 : 3 9 : 1 7 , Mini,20,1,0,74,0,134,0,82,0,0,0,0,0,0,0,4173,0,80,0,-143730,108,28,0,0,0,0,0,
0 4 . 0 2 . 2 0 1 6   1 9 : 3 9 : 1 7 , Mini,10,1,0,56,0,150,0,82,0,0,0,0,0,0,0,4168,0,89,0,-142919,110,28,0,0,0,0,0,
0 4 . 0 2 . 2 0 1 6   1 9 : 3 9 : 1 8 , Mini,490,1,0,74,0,136,0,88,0,0,0,0,0,0,0,4168,0,102,0,-141414,112,28,0,0,0,0,0,
0 4 . 0 2 . 2 0 1 6   1 9 : 3 9 : 1 9 , Mini,480,1,0,70,0,134,0,86,0,0,0,0,0,0,0,4168,0,79,0,-140453,114,28,0,0,0,0,0,
0 4 . 0 2 . 2 0 1 6   1 9 : 3 9 : 1 9 , Mini,470,1,0,60,0,138,0,86,0,0,0,0,0,0,0,4173,0,105,0,-139739,108,28,0,0,0,0,0,
0 4 . 0 2 . 2 0 1 6   1 9 : 3 9 : 2 0 , Mini,460,1,0,56,0,142,0,86,0,0,0,0,0,0,0,4173,0,91,0,-138995,110,28,0,0,0,0,0,
0 4 . 0 2 . 2 0 1 6   1 9 : 3 9 : 2 0 , Mini,450,1,0,62,0,148,0,90,0,0,0,0,0,0,0,4173,0,85,0,-138139,120,28,0,0,0,0,0,
0 4 . 0 2 . 2 0 1 6   1 9 : 3 9 : 2 1 , Mini,440,1,0,56,0,150,0,80,0,0,0,0,0,0,0,4173,0,58,0,-137437,108,28,0,0,0,0,0,
0 4 . 0 2 . 2 0 1 6   1 9 : 3 9 : 2 1 , Mini,430,1,0,64,0,148,0,84,0,0,0,0,0,0,0,4163,0,76,0,-136720,118,28,0,0,0,0,0,
0 4 . 0 2 . 2 0 1 6   1 9 : 3 9 : 2 2 , Mini,420,1,0,74,0,136,0,88,0,0,0,0,0,0,0,4184,0,116,0,-135763,110,28,0,0,0,0,0,
0 4 . 0 2 . 2 0 1 6   1 9 : 3 9 : 2 3 , Mini,410,1,0,70,0,134,0,88,0,0,0,0,0,0,0,4168,0,112,0,-135043,112,28,0,0,0,0,0,
0 4 . 0 2 . 2 0 1 6   1 9 : 3 9 : 2 3 , Mini,400,1,0,60,0,138,0,84,0,0,0,0,0,0,0,4184,0,74,0,-134324,116,28,0,0,0,0,0,
0 4 . 0 2 . 2 0 1 6   1 9 : 3 9 : 2 4 , Mini,390,1,0,56,0,142,0,84,0,0,0,0,0,0,0,4173,0,94,0,-133489,114,28,0,0,0,0,0,
0 4 . 0 2 . 2 0 1 6   1 9 : 3 9 : 2 4 , Mini,380,1,0,62,0,148,0,88,0,0,0,0,0,0,0,4168,0,97,0,-132781,120,28,0,0,0,0,0,
0 4 . 0 2 . 2 0 1 6   1 9 : 3 9 : 2 5 , Mini,370,1,0,56,0,150,0,82,0,0,0,0,0,0,0,4163,0,72,0,-132047,114,28,0,0,0,0,0,
0 4 . 0 2 . 2 0 1 6   1 9 : 3 9 : 2 6 , Mini,360,1,0,62,0,146,0,82,0,0,0,0,0,0,0,4168,0,108,0,-131194,116,28,0,0,0,0,0,
0 4 . 0 2 . 2 0 1 6   1 9 : 3 9 : 2 6 , Mini,350,1,0,72,0,146,0,84,0,0,0,0,0,0,0,4168,0,101,0,-130479,112,28,0,0,0,0,0,
0 4 . 0 2 . 2 0 1 6   1 9 : 3 9 : 2 7 , Mini,340,1,0,76,0,150,0,80,0,0,0,0,0,0,0,4173,0,118,0,-129766,114,28,0,0,0,0,0,
0 4 . 0 2 . 2 0 1 6   1 9 : 3 9 : 2 7 , Mini,330,1,0,72,0,130,0,82,0,0,0,0,0,0,0,4168,0,115,0,1929379336,7168,0,0,0,0,0,192,
0 4 . 0 2 . 2 0 1 6   1 9 : 3 9 : 2 8 , Mini,320,1,0,56,0,140,0,86,0,0,0,0,0,0,0,4163,0,101,0,-128081,108,28,0,0,0,0,0,
0 4 . 0 2 . 2 0 1 6   1 9 : 3 9 : 2 8 , Mini,310,1,0,62,0,150,0,88,0,0,0,0,0,0,0,4173,0,109,0,-127363,120,28,0,0,0,0,0,
0 4 . 0 2 . 2 0 1 6   1 9 : 3 9 : 2 9 , Mini,300,1,0,56,0,152,0,82,0,0,0,0,0,0,0,4168,0,101,0,-126518,120,28,0,0,0,0,0,
